id,nb_shop,nb_food,nb_minor_transport,nb_entertainment,nb_supermarket,nb_transport,nb_parking,nb_public_service,checkinsCount_avg,checkinsCount_sum,nb_ArtsEntertainment,nb_CollegeUniversity,nb_Event,nb_Food_fsquare,nb_NightlifeSpot,nb_OutdoorsRecreation,nb_ProfessionalOther,nb_Residence,nb_ShopService,nb_TravelTransport,cluster_labels
9525,0,0,0,0,0,0,1,0,70.46153846153847,3664,2,0,0,8,2,0,0,4,18,4,Residential
9856,2,1,0,1,0,0,0,0,76.94,3847,5,1,0,3,0,0,0,5,3,5,Residential
9639,5,0,0,1,1,0,0,0,66.22641509433963,3510,0,0,0,4,5,0,0,11,8,10,Shopping areas
9095,3,0,1,2,0,0,0,0,819.4705882352941,153241,22,14,0,35,10,0,0,14,11,6,Residential with services
10195,0,2,0,5,0,0,0,0,150.08227848101262,23713,0,4,0,10,6,0,0,24,19,36,Residential with services
9170,0,0,0,0,0,0,0,0,231.6,6948,0,0,0,4,0,0,0,5,12,3,Residential
9381,0,2,0,2,0,0,0,0,148.4310344827586,17218,9,3,0,14,2,0,0,4,25,13,Residential
9707,0,0,0,0,0,0,0,0,55.534246575342465,4054,2,1,0,5,6,0,0,14,19,6,Residential
9827,0,2,0,1,0,0,0,0,129.37037037037038,6986,3,0,0,9,2,0,0,10,5,9,Residential
9577,3,7,0,1,1,0,0,0,1571.2669039145908,441526,23,50,0,35,18,0,0,23,11,50,Cultural & going out places
9717,0,0,0,0,0,0,0,0,78.71428571428571,1102,0,0,0,1,0,0,0,3,0,1,Residential
9678,0,0,0,0,0,0,0,0,412.9135802469136,33446,2,1,0,6,0,0,0,5,2,9,Residential
9839,2,1,0,1,0,0,0,0,129.26744186046508,11117,1,1,0,26,2,0,0,5,33,4,Residential
9087,0,0,0,0,0,0,0,0,241.29310344827587,41985,13,2,0,22,3,0,0,9,50,18,Residential with services
9539,0,1,1,1,0,0,0,0,515.3880597014926,34531,8,1,0,8,3,0,0,12,4,6,Residential
9644,0,0,0,0,0,0,0,0,253.74,12687,6,1,0,5,0,0,0,9,3,13,Residential
10130,0,2,0,0,1,0,0,0,404.0114942528736,35149,13,0,0,12,10,0,0,16,12,6,Shopping areas
9589,1,1,0,0,0,0,0,0,470.26881720430106,43735,6,0,0,13,8,0,0,13,32,2,Residential
9481,0,0,0,5,0,0,0,0,93.20588235294115,9507,3,1,0,11,3,0,0,14,32,6,Residential
9947,0,0,0,0,0,0,0,0,253.71794871794876,9895,1,2,0,14,1,0,0,2,9,6,Residential
10158,1,1,0,0,1,0,1,0,268.7977528089888,23923,1,3,0,21,2,0,0,10,23,14,Shopping areas
9467,0,0,0,3,0,0,0,0,166.97916666666666,16030,4,2,1,14,2,0,0,14,15,13,Residential
9704,2,3,0,7,0,0,1,0,1541.89010989011,420936,44,3,1,27,21,0,0,6,50,50,Residential with services
10168,0,0,0,1,0,0,0,0,269.7684210526316,25628,3,3,0,10,5,0,0,16,20,5,Residential
9659,0,0,0,0,0,0,0,0,79.0253164556962,6243,3,2,0,10,1,0,0,9,17,9,Residential
9843,1,1,0,12,0,0,1,0,425.20491803278685,103750,42,6,2,10,27,0,0,15,45,50,Residential with services
10170,0,0,0,0,0,0,0,0,106.72727272727272,10566,4,3,0,11,11,0,0,29,18,3,Residential
9876,0,0,0,1,0,0,0,0,219.27966101694915,25875,1,3,0,14,6,0,0,8,12,23,Residential
9530,1,1,0,8,0,1,0,0,1296.7717391304348,357909,40,6,1,17,24,0,0,18,50,50,Cultural & going out places
9583,0,0,0,0,0,0,0,0,122.34653465346534,12357,2,2,0,6,7,0,0,6,14,23,Residential
10176,2,3,0,0,0,0,0,0,668.6765799256507,179874,13,49,0,35,20,0,0,12,37,45,Residential with services
9628,1,1,1,6,0,0,0,1,663.4883720930233,85590,10,3,2,14,4,0,0,7,10,22,Residential
9223,0,0,0,0,0,0,0,0,88.20689655172414,2558,4,0,0,3,2,0,0,6,5,4,Residential
9510,1,7,0,0,0,0,0,0,2361.817518248175,647138,41,1,1,40,18,0,0,26,50,50,Cultural & going out places
9227,4,4,0,1,0,0,0,0,140.01315789473685,10641,2,3,0,8,4,0,0,6,13,19,Residential
10018,18,18,0,9,0,0,2,0,1262.2604166666667,363531,38,9,4,37,29,0,0,19,19,50,Cultural & going out places
9615,22,54,0,21,0,3,2,0,3533.261146496816,1109444,50,33,0,50,22,0,0,48,25,15,Activity center
9255,0,1,0,0,0,0,0,1,110.17977528089888,9806,4,0,0,12,1,0,0,11,19,11,Residential
10047,0,0,0,0,0,0,0,0,211.96491228070172,12082,4,1,0,9,1,0,0,5,16,2,Residential
9405,0,0,0,0,0,0,0,0,184.17241379310346,10682,1,1,0,4,4,0,0,16,4,11,Residential
9359,0,0,0,0,0,0,0,0,231.955223880597,15541,0,0,0,12,1,0,0,4,19,5,Residential
9304,0,2,0,0,0,0,0,0,740.6573426573427,105914,17,1,0,11,11,0,0,12,27,10,Residential
9088,12,0,0,1,0,0,0,0,2368.060975609756,582543,50,4,0,20,26,0,0,6,34,50,Cultural & going out places
10150,0,0,0,1,0,0,0,0,140.125,8968,2,1,0,2,1,0,0,8,16,7,Residential
10028,6,15,0,1,1,1,0,1,1251.2456140350878,285284,10,7,0,22,18,0,0,26,50,44,Residential with services
9135,0,2,0,0,0,0,0,0,243.9508196721312,14881,2,0,0,8,2,0,0,7,16,9,Residential
9378,0,1,0,0,0,0,0,0,202.77976190476193,34067,18,1,0,18,5,0,0,5,50,29,Residential with services
9001,0,0,0,0,0,0,0,0,390.6727272727273,21487,1,0,0,3,1,0,0,11,7,8,Residential
9311,0,0,0,0,0,0,0,0,122.80392156862743,12526,1,0,0,19,3,0,0,6,40,7,Residential
9647,1,1,0,0,0,0,0,0,45.3134328358209,3036,4,1,0,9,3,0,0,18,10,7,Residential
9040,0,5,0,1,0,0,0,0,930.2710280373833,199078,20,2,0,25,24,0,0,18,50,16,Residential with services
9355,0,0,0,0,0,0,0,0,75.53846153846153,1964,0,0,0,9,2,0,0,1,9,2,Residential
9101,12,12,2,10,0,2,1,0,3195.46975088968,897927,50,7,0,44,50,0,0,18,16,34,Cultural & going out places
9963,0,0,0,0,0,0,0,0,79.40425531914894,3732,2,0,0,3,1,0,0,10,11,2,Residential
9331,3,4,0,2,0,0,1,0,156.67088607594937,12377,2,1,0,22,2,0,0,6,15,3,Residential
9316,0,3,0,2,0,0,0,0,80.6231884057971,5563,1,1,0,19,4,0,0,12,16,6,Residential
9129,1,0,0,0,0,0,0,0,78.66666666666667,2832,0,2,0,0,0,0,0,9,7,5,Residential
10022,10,16,0,2,1,0,0,1,2009.755208333333,385873,17,4,0,50,13,0,0,12,20,23,Residential with services
10117,0,10,0,2,0,0,0,0,409.6291079812208,87251,45,2,0,18,13,0,0,18,50,31,Residential with services
9370,1,0,0,0,0,0,0,0,66.66666666666667,2800,0,0,0,1,1,0,0,8,6,3,Residential
9519,0,9,0,1,0,0,0,0,945.2266666666667,212676,48,5,0,23,30,0,0,12,50,17,Residential with services
10143,0,0,0,2,0,0,0,0,271.74418604651163,11685,1,0,0,4,4,0,0,12,7,0,Residential
9431,0,1,0,0,0,0,0,0,62.56666666666667,1877,1,1,0,5,0,0,0,4,8,4,Residential
9494,8,22,0,8,0,2,1,0,1286.7191977077366,449065,24,32,1,50,41,0,0,38,34,43,Cultural & going out places
9248,6,1,0,3,0,0,0,1,559.6993464052288,85634,8,2,0,14,4,0,0,5,37,27,Residential with services
9390,0,0,0,0,0,0,0,0,57.647058823529406,1960,1,1,0,9,1,0,0,6,8,2,Residential
9873,0,0,0,3,0,0,0,0,35.4,177,0,0,0,2,0,0,0,0,0,1,Residential
10189,6,3,0,1,0,0,0,0,702.8063063063063,156023,18,19,1,21,14,0,0,12,50,50,Residential with services
9538,6,5,0,5,1,1,1,0,2435.971875,779511,29,50,0,26,42,0,0,30,18,50,Cultural & going out places
10035,0,0,0,0,0,0,0,0,76.02380952380952,3193,2,3,0,4,1,0,0,3,9,2,Residential
10013,0,0,0,0,0,0,0,0,51.16666666666666,6140,4,1,0,5,3,0,0,9,14,29,Residential
9457,1,2,0,0,0,0,0,0,1000.855072463768,69059,2,0,0,18,3,0,0,10,13,6,Residential
9155,3,0,0,0,0,1,0,0,969.2980769230768,100807,6,2,0,23,6,0,0,8,9,14,Residential
9855,2,0,0,20,0,0,0,0,345.6071428571428,67739,9,0,1,47,7,0,0,13,50,19,Residential with services
9091,0,0,0,2,0,0,0,0,135.44827586206895,7856,3,2,0,2,1,0,0,8,4,4,Residential
9116,0,0,0,0,0,0,1,0,281.64545454545447,30981,2,2,0,8,0,0,0,10,17,17,Residential
10080,0,0,0,0,0,0,0,0,74.01470588235293,5033,1,0,0,13,2,0,0,5,25,6,Residential
10161,0,1,0,1,0,0,0,0,147.11111111111111,7944,2,2,0,5,2,0,0,6,5,8,Residential
10167,1,1,0,0,0,0,0,0,373.74683544303804,29526,4,0,0,3,4,0,0,12,25,8,Residential
9709,2,0,0,0,0,0,0,0,229.94285714285718,16096,3,2,0,9,1,0,0,8,16,7,Residential
9126,1,0,0,0,0,0,0,0,117.46575342465755,8575,0,2,0,5,1,0,0,12,8,18,Residential
9298,1,1,0,0,0,0,0,0,98.05084745762713,5785,1,2,0,13,5,0,0,11,11,2,Residential
9594,15,16,0,7,0,1,1,0,4886.536895674301,1920409,50,39,3,50,42,0,0,39,50,20,Activity center
9147,11,21,1,27,0,0,3,0,5510.146718146718,1427128,45,4,5,50,13,0,0,14,14,50,Activity center
9443,7,1,1,3,0,0,0,0,1540.6322580645162,238798,7,3,0,20,4,0,0,7,41,27,Residential with services
9679,0,0,0,0,0,0,0,1,303.29824561403507,17288,0,2,0,6,0,0,0,1,2,3,Residential
9728,6,2,0,0,0,0,0,0,1013.5909090909092,200691,3,4,0,29,8,0,0,13,50,31,Residential with services
9214,0,0,0,0,1,0,0,1,103.47945205479452,7554,1,1,0,7,1,0,0,10,12,10,Shopping areas
9623,0,2,0,0,0,0,0,0,673.8641975308642,109166,10,0,0,21,9,0,0,14,20,44,Residential with services
8989,1,2,1,2,0,0,0,0,459.1824324324325,135918,32,2,3,6,25,0,0,40,50,50,Cultural & going out places
9789,0,0,0,0,0,0,0,0,39.80952380952381,836,2,0,0,1,0,0,0,11,0,1,Residential
10024,3,5,0,2,0,0,0,0,391.30653266331666,77870,37,1,0,24,20,0,0,19,34,24,Residential with services
9801,0,0,1,0,0,0,0,0,122.69767441860463,5276,1,0,0,2,5,0,0,13,2,2,Residential
9334,0,0,0,0,0,0,0,0,171.05714285714285,11974,3,3,0,10,0,0,0,7,16,8,Residential
9068,0,0,0,1,0,0,0,0,472.81502890173414,81797,3,2,0,48,13,0,0,14,25,10,Residential with services
10194,1,10,0,0,0,0,0,0,499.4647058823529,84909,3,1,0,13,11,0,0,27,40,31,Residential with services
9019,3,1,0,1,0,0,0,0,101.1311475409836,6169,1,0,0,7,2,0,0,11,14,4,Residential
9282,0,0,0,0,0,0,0,0,161.61538461538458,18909,2,0,0,27,4,0,0,8,41,7,Residential
9352,0,0,1,0,0,0,1,5,438.4528301886792,69714,3,20,1,37,0,0,0,5,16,21,Universities
9384,21,11,0,1,0,0,0,0,583.5911111111111,131308,5,2,0,17,29,0,0,26,50,50,Residential with services
10058,0,0,0,0,0,0,0,0,64.25,2056,0,1,0,10,0,0,0,4,9,2,Residential
9729,1,1,0,0,0,0,0,0,503.28888888888883,45296,2,0,0,6,0,0,0,1,19,17,Residential
9263,0,2,0,0,0,0,0,0,39.444444444444436,1420,2,0,0,1,2,0,0,7,14,4,Residential
9961,2,0,0,2,0,0,0,0,225.88888888888889,22363,6,2,0,20,1,0,0,18,24,6,Residential
10085,0,0,0,0,0,0,0,1,511.9661016949152,30206,1,1,0,17,1,0,0,3,21,1,Residential
9152,1,4,1,0,0,0,0,0,217.36614173228347,55211,10,12,0,40,12,0,0,25,50,48,Residential with services
9673,0,4,0,0,0,0,0,0,1621.0152671755725,212353,11,1,0,22,22,0,0,17,7,24,Residential with services
9470,0,6,1,0,0,0,0,0,511.6794871794871,39911,3,0,0,19,7,0,0,3,20,11,Residential
10134,4,8,0,0,0,0,1,1,514.3076923076924,100290,15,1,1,24,17,0,0,28,46,24,Residential with services
9292,0,1,0,1,0,1,0,0,151.8021978021978,13814,6,0,0,18,2,0,0,13,29,6,Residential
9862,19,3,0,4,0,1,0,0,530.6515837104073,117274,7,2,0,46,2,0,0,8,50,50,Residential with services
10191,0,3,0,2,0,0,0,0,552.4957983193277,131494,22,4,2,32,11,0,0,24,25,50,Residential with services
9900,8,3,0,4,1,0,0,0,1681.5411255411254,388436,17,16,2,15,15,0,0,12,50,36,Residential with services
9002,0,0,0,1,0,0,0,0,185.4835164835165,16879,4,1,1,17,0,0,0,17,24,8,Residential
9437,0,4,0,0,0,0,0,0,457.58598726114644,71841,16,0,0,25,9,0,0,20,21,22,Residential with services
9022,0,0,1,0,0,0,0,0,291.6595744680851,54832,44,8,0,10,2,0,0,5,31,32,Residential with services
9487,0,3,0,0,0,0,2,1,124.95483870967743,19368,5,1,0,48,3,0,0,6,47,8,Residential with services
9660,1,1,0,1,0,0,0,0,326.9826086956522,75206,8,0,0,35,12,0,0,19,50,48,Residential with services
9778,0,0,0,1,0,0,0,0,134.89473684210526,5126,0,0,0,7,1,0,0,4,9,7,Residential
9871,0,0,0,1,0,0,2,0,364.3404255319149,17124,0,0,0,1,1,0,0,9,4,14,Residential
9537,0,0,0,0,1,0,1,0,232.90384615384616,12111,4,1,0,5,3,0,0,5,18,5,Shopping areas
9125,5,11,0,15,0,0,0,0,1847.969696969697,670813,50,26,1,50,26,0,0,39,21,50,Cultural & going out places
9649,0,0,0,0,0,0,0,0,119.76811594202898,8264,3,1,0,10,2,0,0,6,21,10,Residential
10063,2,3,0,7,2,0,0,0,1851.085,370217,23,4,3,33,16,0,0,11,13,32,Shopping areas
9773,4,4,1,0,0,0,0,0,17.372093023255815,747,1,0,0,6,7,0,0,13,4,5,Residential
9702,0,1,0,0,0,0,0,0,35.976190476190474,1511,5,0,0,0,2,0,0,18,5,4,Residential
9612,6,8,0,12,0,0,1,1,3671.9517045454545,1292527,50,19,2,50,50,0,0,14,30,50,Cultural & going out places
9045,0,0,0,0,0,0,0,0,1056.5555555555557,85581,3,10,0,6,7,0,0,5,12,14,Residential
10145,0,0,0,4,0,0,0,0,228.87804878048783,9384,2,0,0,3,3,0,0,14,5,3,Residential
10188,0,1,0,0,0,0,0,1,484.5668789808917,76077,3,1,1,27,12,0,0,13,50,23,Residential with services
9278,2,0,0,1,0,1,0,0,242.32941176470592,20598,7,4,0,20,1,0,0,10,13,8,Residential
9117,0,0,0,0,0,0,0,0,765.25,55098,8,1,0,4,3,0,0,5,19,3,Residential
9785,0,3,0,0,0,0,0,0,125,4250,0,0,0,1,1,0,0,11,8,3,Residential
9906,0,0,0,0,0,0,0,0,111.6697247706422,12172,5,0,0,24,6,0,0,11,33,9,Residential
10069,4,14,0,6,1,0,0,0,1534,487812,33,17,3,35,50,0,0,44,11,50,Cultural & going out places
9450,0,0,0,0,0,0,0,0,40.36666666666667,1211,1,1,0,0,1,0,0,7,4,7,Residential
9092,0,0,0,1,0,0,0,0,78.55405405405405,5813,15,0,0,12,0,0,0,5,14,8,Residential
9073,0,1,0,0,1,0,0,0,48.862745098039206,2492,2,0,0,2,4,0,0,8,8,5,Shopping areas
9322,0,0,0,0,0,0,0,0,267.46666666666664,8024,1,0,0,5,1,0,0,6,4,4,Residential
9259,0,1,0,0,0,0,0,0,205.984,25748,4,1,0,16,3,0,0,7,29,9,Residential
9635,0,1,0,0,1,0,0,0,251.14285714285717,5274,1,0,0,3,1,0,0,3,1,3,Shopping areas
9081,0,0,0,0,0,0,0,0,53.20512820512821,4150,2,3,0,3,2,0,0,9,9,9,Residential
10177,0,2,0,0,0,0,0,1,521.8105726872246,118451,14,50,0,30,14,0,0,16,21,31,Universities
8996,9,8,1,2,0,1,1,0,1449.2780082987551,349276,31,10,1,16,36,0,0,20,50,38,Cultural & going out places
10148,0,0,0,3,0,0,0,0,2387.4489795918366,116985,2,2,0,1,6,0,0,12,4,6,Residential
9830,0,0,0,1,0,0,0,0,90.5238095238095,5703,1,1,0,11,2,0,0,15,17,1,Residential
9336,2,3,0,0,0,2,0,1,591.7853881278538,129601,18,4,0,29,9,0,0,16,50,38,Residential with services
9832,0,0,7,91,0,0,80,3,592.3597122302158,164676,36,2,3,39,11,0,0,7,33,47,Randall's Island
9185,0,0,0,1,0,1,0,1,179.07058823529408,15221,3,2,0,20,2,0,0,5,23,7,Residential
9272,0,0,0,0,0,0,0,0,51.2375,4099,1,0,0,24,0,0,0,6,21,7,Residential
9113,0,1,0,0,0,0,0,0,124.86153846153844,16232,10,3,0,14,7,0,0,22,9,11,Residential
9108,0,0,0,1,0,0,0,0,35.205128205128204,1373,6,0,0,1,2,0,0,8,5,8,Residential
9713,12,12,0,4,0,0,1,0,477.9813084112149,102288,11,2,0,34,20,0,0,20,41,23,Residential with services
9416,0,1,0,1,0,0,0,0,159.0769230769231,8272,3,0,0,4,1,0,0,3,2,12,Residential
9759,0,1,0,0,0,0,0,0,135.71186440677963,8007,1,1,0,6,3,0,0,10,12,7,Residential
9284,0,3,0,2,0,0,2,0,553.4682779456193,183198,50,27,1,36,44,0,0,34,20,50,Cultural & going out places
9317,1,2,1,0,0,0,0,0,256.38461538461536,13332,14,3,0,4,1,0,0,10,2,1,Residential
9761,2,1,0,0,0,0,0,0,146.76785714285714,8219,2,0,0,5,9,0,0,12,11,4,Residential
9763,7,5,1,0,0,0,0,0,285.5527638190955,56825,16,4,0,36,8,0,0,13,50,8,Residential with services
9531,2,1,0,0,0,0,0,0,81.97916666666667,3935,2,0,0,2,6,0,0,11,6,6,Residential
9018,0,2,0,2,0,0,1,0,747.1015037593985,198729,28,1,0,31,12,0,0,28,50,50,Residential with services
9634,0,2,0,0,0,0,0,0,572.6212121212121,37793,4,0,0,5,4,0,0,14,8,9,Residential
9824,1,4,0,0,0,0,0,0,197.35555555555558,17762,5,5,0,20,1,0,0,11,14,9,Residential
9774,3,3,1,0,0,0,0,0,348.42857142857144,12195,4,2,0,2,3,0,0,5,6,0,Residential
9164,0,0,0,1,0,0,0,0,45.84782608695652,2109,1,2,0,11,2,0,0,6,9,3,Residential
9046,1,0,0,0,0,0,0,1,152.4102564102564,17832,4,1,0,18,5,0,0,10,39,9,Residential
9851,1,0,0,0,1,0,0,0,211.9005847953216,36235,6,0,0,32,6,0,0,24,40,23,Shopping areas
10086,4,0,2,0,1,1,2,0,276.225,22098,5,0,0,7,3,0,0,7,20,13,Shopping areas
9940,0,1,0,0,0,0,0,0,240.2439024390244,9850,2,15,0,2,2,0,0,7,4,0,Residential
9123,0,0,0,0,0,0,0,0,7879.047619047618,165460,3,0,0,3,0,0,0,0,3,2,Residential
10135,0,1,0,0,0,0,0,0,646.1904761904761,54280,4,0,0,16,10,0,0,19,24,4,Residential
9297,0,0,0,0,0,0,0,0,214.6875,6870,2,1,0,6,2,0,0,8,3,3,Residential
9086,0,0,1,0,0,0,1,0,296.225,47396,2,2,0,12,6,0,0,13,20,46,Residential with services
9875,0,0,0,0,0,0,0,0,501.95454545454544,11043,1,0,0,5,1,0,0,4,4,0,Residential
9161,0,0,0,0,0,0,0,0,66.08888888888889,2974,1,0,1,8,2,0,0,7,12,1,Residential
9142,11,3,0,1,1,1,0,1,118,20296,2,10,0,24,4,0,0,9,36,28,Shopping areas
9978,1,4,6,18,0,1,0,1,967.063694267516,151829,4,6,0,16,4,0,0,13,17,37,Residential with services
9082,0,1,0,2,1,1,0,0,843.2873134328357,226001,16,1,1,32,34,0,0,33,50,36,Residential with services
9475,0,3,0,0,0,0,0,0,58.5,2223,0,0,0,3,2,0,0,12,4,0,Residential
9826,0,1,0,0,0,1,0,0,132.85365853658536,5447,2,2,0,5,1,0,0,10,7,5,Residential
9471,2,1,5,5,0,0,0,0,1204.9914893617022,283173,23,4,0,31,5,0,0,18,44,42,Residential with services
9535,1,0,0,0,0,0,0,0,36.63829787234041,1722,1,1,0,5,3,0,0,7,10,7,Residential
9254,1,3,0,1,0,0,0,0,176.76363636363635,9722,1,0,0,17,2,0,0,6,7,6,Residential
10045,0,0,0,0,0,1,0,0,189.80246913580245,15374,3,0,0,8,2,0,0,20,8,13,Residential
10073,0,0,0,1,0,0,0,0,48.2,1687,2,0,0,1,0,0,0,4,0,17,Residential
9246,2,2,0,1,0,0,1,0,260.314606741573,23168,3,0,0,8,2,0,0,10,9,9,Residential
10110,0,0,0,4,0,0,0,0,402.18571428571437,28153,3,0,0,5,2,0,0,8,5,27,Residential
9290,0,1,0,0,1,0,0,0,140.69387755102042,6894,1,2,0,7,1,0,0,15,9,3,Shopping areas
9746,0,1,0,0,0,0,0,0,84.42,4221,7,5,0,3,3,0,0,4,0,0,Residential
9570,0,0,0,0,0,0,0,0,52.555555555555564,1892,1,0,0,10,1,0,0,4,3,4,Residential
10049,1,0,0,0,0,0,0,0,20.58333333333333,247,2,0,0,3,0,0,0,5,0,1,Residential
9047,1,2,0,0,1,0,0,0,243.22222222222226,13134,2,0,0,13,0,0,0,1,26,4,Shopping areas
10109,0,0,0,0,0,0,0,0,8.7,87,0,0,0,1,0,0,0,1,0,6,Residential
9353,0,0,0,0,0,0,0,0,172.1891891891892,12742,0,0,0,30,6,0,0,2,20,4,Residential
9361,0,0,0,0,0,0,0,0,134.01666666666668,8041,4,0,0,8,0,0,0,11,20,4,Residential
9602,0,0,0,0,0,0,0,0,392.6564885496183,51438,22,2,0,9,7,0,0,20,22,13,Residential
9731,1,3,3,1,0,0,0,0,1307.72,163465,11,4,2,18,6,0,0,16,14,20,Residential with services
10023,3,3,0,0,0,0,0,0,2774.555102040816,679766,50,1,1,42,22,0,0,21,20,38,Cultural & going out places
9072,0,6,0,5,0,0,0,1,144.96825396825398,27399,14,0,0,14,25,0,0,27,27,22,Residential with services
9168,0,0,0,3,0,0,1,0,92.35652173913044,10621,0,0,0,23,3,0,0,12,30,13,Residential
9180,0,0,0,6,0,0,0,0,161.19298245614036,9188,5,0,0,8,2,0,0,10,9,4,Residential
9128,0,0,0,0,0,0,1,0,57.58695652173913,2649,2,0,0,14,5,0,0,5,13,0,Residential
9245,6,8,0,20,1,2,4,0,3225.480122324159,1054732,50,14,9,50,25,0,0,50,27,19,Activity center
10076,0,0,0,9,0,0,0,0,178.60396039603958,18039,3,1,0,8,2,0,0,9,20,12,Residential
9295,4,3,0,2,0,0,0,0,228.54054054054055,25368,1,1,0,31,0,0,0,8,45,4,Residential with services
10092,3,3,1,1,1,0,0,0,196.36986301369862,14335,3,3,0,9,4,0,0,10,19,5,Shopping areas
9800,1,0,1,0,0,0,0,0,115.06060606060606,3797,1,0,0,2,4,0,0,10,2,2,Residential
9533,1,0,0,0,0,0,0,0,317.5504587155964,34613,13,1,0,15,11,0,0,9,19,16,Residential
9414,1,1,0,0,0,0,0,0,742.7280701754387,84671,5,1,0,11,1,0,0,9,23,10,Residential
9136,2,1,0,2,1,1,0,1,440.33082706766925,58564,0,1,0,18,6,0,0,17,28,20,Shopping areas
9500,5,6,0,0,1,0,1,0,307.7581699346405,47087,0,1,0,34,10,0,0,20,27,23,Shopping areas
9944,0,0,0,0,0,0,0,0,49.53333333333333,743,0,0,0,2,0,0,0,4,2,6,Residential
9058,4,17,0,2,0,1,0,0,812.77950310559,261715,33,18,1,26,36,0,0,50,50,50,Cultural & going out places
10042,0,0,0,0,0,0,0,1,34.81081081081081,1288,1,1,0,6,2,0,0,3,10,1,Residential
9455,6,2,0,0,0,0,0,0,44.444444444444436,2000,1,2,0,5,1,0,0,7,2,6,Residential
9102,0,0,0,1,0,1,0,0,255.375,6129,0,0,0,3,0,0,0,5,4,1,Residential
9144,44,14,0,5,0,3,1,1,6797.099462365592,2528521,50,42,8,50,30,0,0,15,46,31,Activity center
9371,0,0,0,0,0,0,0,0,708.8301886792453,37568,1,2,0,6,3,0,0,10,6,8,Residential
9760,1,0,0,0,0,0,0,0,356.1818181818182,23508,1,0,0,6,3,0,0,13,14,9,Residential
9183,0,0,1,1,0,1,1,0,180,9180,3,3,0,3,2,0,0,9,10,3,Residential
9034,1,0,0,1,0,0,0,0,141.77685950413226,17155,8,7,0,5,5,0,0,9,26,9,Residential
9346,6,2,4,1,1,1,0,0,457.6833333333333,82383,12,1,0,19,3,0,0,12,46,29,Shopping areas
9401,0,0,0,0,0,0,0,0,577.3214285714286,16165,0,0,0,0,0,0,0,7,4,6,Residential
9567,0,0,0,0,0,0,0,0,155.64,3891,0,1,0,4,0,0,0,3,6,2,Residential
9630,0,0,0,0,0,0,0,0,224.17647058823533,7622,2,0,0,0,0,0,0,7,4,6,Residential
9545,3,3,0,0,0,0,0,1,1063.8407643312103,334046,42,15,0,30,38,0,0,38,28,50,Cultural & going out places
9658,0,0,0,1,0,0,0,0,83.63157894736842,6356,2,1,0,7,0,0,0,12,12,7,Residential
9207,0,6,0,0,0,0,0,0,440.90109890109886,40122,9,4,0,13,2,0,0,7,9,15,Residential
9953,0,0,0,2,0,0,0,0,52.361111111111114,1885,0,1,0,3,2,0,0,1,3,4,Residential
9163,0,0,0,2,0,0,0,0,432.34375,13835,3,1,0,0,1,0,0,11,1,1,Residential
9981,0,0,0,10,0,0,0,0,190.952380952381,12030,2,1,0,4,3,0,0,9,6,8,Residential
9424,0,0,0,0,0,0,0,0,117.44927536231884,8104,2,2,0,6,8,0,0,23,7,4,Residential
9426,0,1,1,1,0,0,0,0,357.38805970149247,47890,7,2,0,8,7,0,0,22,35,22,Residential with services
9735,0,0,0,0,0,0,0,0,79.29230769230769,5154,7,2,0,6,1,0,0,5,4,13,Residential
9366,3,0,0,0,0,0,0,0,1149.3418803418806,134473,2,3,0,15,1,0,0,6,19,19,Residential
9617,1,1,0,0,0,0,0,0,768.0280373831774,164358,10,4,0,30,27,0,0,26,50,27,Residential with services
9580,1,2,0,12,0,0,0,0,2320.6253298153038,879517,50,50,2,46,17,0,0,23,50,50,Cultural & going out places
9999,3,4,0,2,0,2,1,0,483.5384615384616,94290,4,29,0,18,1,0,0,8,50,18,Residential with services
9012,1,5,0,2,0,0,0,0,751.9822485207102,127085,18,1,0,15,15,0,0,23,50,17,Residential with services
9616,0,0,0,0,0,0,0,0,39.6,1980,0,0,0,16,3,0,0,3,11,4,Residential
10153,0,0,0,0,0,0,1,0,1511.3544973544974,285646,10,22,0,26,8,0,0,11,18,36,Residential with services
9498,1,2,0,9,1,0,0,0,1467.7259786476868,412431,50,7,0,47,17,0,0,16,10,50,Cultural & going out places
9562,2,5,0,0,0,0,0,0,637.7791411042945,103958,9,3,0,27,4,0,0,5,50,15,Residential with services
9486,1,5,1,15,0,1,1,3,2059.115987460815,656858,25,50,3,16,29,0,0,13,42,50,Universities
10186,3,7,0,2,0,0,0,0,885,114165,4,6,0,13,14,0,0,8,29,21,Residential with services
9296,0,0,0,4,0,0,1,0,159.03333333333333,28626,9,2,0,28,8,0,0,26,37,13,Residential with services
9477,0,2,0,0,1,1,0,1,520.2617449664431,77519,4,10,0,22,7,0,0,13,29,24,Shopping areas
9067,9,5,0,2,0,0,0,0,556.0797101449275,76739,12,19,0,4,14,0,0,13,11,24,Residential with services
9177,0,0,0,1,0,0,0,1,173.10416666666663,33236,3,3,0,25,14,0,0,28,34,30,Residential with services
10133,0,2,0,0,0,0,0,0,489.6060606060606,48471,9,3,0,8,11,0,0,21,22,10,Residential
9217,0,1,0,0,0,0,0,0,45.96,1149,0,0,0,5,0,0,0,9,5,2,Residential
10094,2,3,0,0,0,0,0,0,178.046875,11395,6,1,0,6,2,0,0,7,18,5,Residential
10196,2,0,0,0,0,0,1,0,155,19065,1,0,1,11,1,0,0,13,9,28,Residential
9665,0,2,0,3,0,0,0,0,425.51489361702136,99996,7,3,0,37,10,0,0,23,50,39,Residential with services
9683,0,1,0,0,0,0,0,0,155.24444444444444,6986,1,0,0,1,1,0,0,8,13,4,Residential
9191,0,10,0,0,0,0,1,1,1370.643216080402,272758,24,4,0,19,16,0,0,20,27,29,Residential with services
9804,0,0,0,3,0,0,0,0,234.859649122807,13387,4,0,0,1,1,0,0,10,3,12,Residential
9233,7,2,0,0,0,0,0,2,111.65957446808511,5248,2,1,0,11,2,0,0,2,14,4,Residential
9554,9,3,4,4,0,3,0,0,781.4931129476582,283682,36,45,3,38,20,0,0,25,50,50,Cultural & going out places
9358,1,0,0,0,0,1,0,0,58.31818181818182,3849,0,2,0,15,1,0,0,7,17,5,Residential
9247,7,9,0,5,0,1,2,1,1792.5215946843853,539549,50,34,2,34,11,0,0,25,28,50,Cultural & going out places
9853,0,0,0,1,0,0,0,0,109.70370370370372,2962,2,0,0,1,2,0,0,5,4,4,Residential
10044,0,0,0,0,0,0,0,0,74.27272727272727,1634,1,2,0,4,0,0,0,2,6,5,Residential
10185,9,6,0,0,1,0,2,0,466.70042194092827,110608,5,25,0,34,18,0,0,18,47,29,Residential with services
8998,1,0,0,0,0,0,0,0,386.20212765957433,72606,4,0,0,29,9,0,0,13,50,29,Residential with services
9093,2,2,0,2,0,0,0,0,179.675,21561,20,3,0,14,11,0,0,19,20,4,Residential
9605,11,16,0,7,1,0,3,0,1628.8185185185184,439781,23,19,0,26,21,0,0,19,50,42,Cultural & going out places
9732,1,0,0,1,0,0,0,0,424.7012987012987,32702,6,2,1,6,4,0,0,9,7,15,Residential
9422,0,1,0,0,0,0,0,0,230.421052631579,13134,1,1,0,18,3,0,0,4,16,5,Residential
9696,0,0,0,0,0,0,0,0,83.0138888888889,5977,3,0,0,3,4,0,0,8,16,3,Residential
9506,1,3,0,0,0,0,0,0,1404.3564356435645,141840,10,0,0,21,11,0,0,12,32,5,Residential with services
10043,0,0,0,0,0,0,0,0,31.36842105263158,596,1,0,0,4,1,0,0,2,10,0,Residential
9461,2,0,0,4,0,0,1,0,164.52272727272728,14478,5,0,0,4,1,0,0,19,4,21,Residential
9650,1,0,0,0,0,0,0,0,159.71111111111108,28748,8,1,0,34,9,0,0,20,35,26,Residential with services
9844,0,0,0,4,0,0,1,0,140.3706896551724,16283,5,0,0,6,10,0,0,22,4,40,Residential
9585,1,8,0,5,0,3,2,1,1039.8039215686274,318180,50,16,2,28,30,0,0,35,50,50,Cultural & going out places
9171,0,0,0,0,0,0,0,2,84.09615384615384,4373,1,0,0,11,2,0,0,3,17,3,Residential
9377,1,1,1,0,1,1,0,0,247.7333333333333,11148,2,17,0,4,2,0,0,7,7,0,Shopping areas
9213,0,0,0,0,0,0,0,0,99.8,6986,0,1,0,7,1,0,0,20,12,4,Residential
8988,3,7,0,1,2,0,1,1,927.0272727272728,203946,4,9,0,22,13,0,0,27,50,50,Shopping areas
9150,1,5,0,0,0,0,0,0,126.6,4431,0,1,0,5,2,0,0,6,3,8,Residential
9253,0,2,0,2,0,0,0,1,1147.443661971831,162937,12,4,0,13,10,0,0,13,48,6,Residential with services
9499,0,0,0,0,0,0,0,0,110.7483870967742,17166,13,1,0,8,3,0,0,8,50,18,Residential
9460,0,0,0,6,0,0,0,0,139.30769230769232,7244,4,1,0,7,3,0,0,9,8,11,Residential
9596,0,4,0,1,0,0,0,0,608.1557788944724,121023,16,3,0,17,29,0,0,26,36,30,Residential with services
9609,9,11,0,0,0,0,1,1,3756.398395721925,1404893,50,38,3,50,50,0,0,23,50,50,Cultural & going out places
9224,0,1,0,0,1,0,1,0,93.70833333333331,2249,1,0,0,1,2,0,0,8,4,0,Shopping areas
9212,4,1,0,0,1,0,0,0,555.8559322033898,65591,6,0,0,11,1,0,0,14,32,3,Shopping areas
9503,0,0,0,0,0,0,0,0,218.9705882352941,7445,2,0,0,6,1,0,0,8,4,3,Residential
9041,0,0,0,3,0,0,0,0,139.5818181818182,7677,6,0,0,0,0,0,0,16,0,7,Residential
9307,1,1,0,0,0,0,0,0,108.75,4785,3,0,0,8,1,0,0,3,10,0,Residential
9423,3,14,0,13,0,0,4,0,3244.2021660649825,898644,22,1,6,33,14,0,0,11,50,50,Cultural & going out places
9515,0,0,0,0,0,0,0,1,64.53333333333333,4840,5,0,0,6,3,0,0,6,7,24,Residential
9950,1,0,0,1,0,0,0,0,231.87234042553192,10898,0,1,0,2,0,0,0,5,12,1,Residential
9937,9,1,0,1,0,0,0,0,134.79365079365078,8492,1,4,0,5,1,0,0,16,8,7,Residential
9518,2,2,0,10,0,3,2,1,764.8885793871866,274595,50,41,1,34,35,0,0,32,20,50,Cultural & going out places
9710,1,1,0,0,0,0,0,0,91.16883116883119,7020,10,1,0,9,5,0,0,8,11,8,Residential
10019,0,0,0,2,0,0,0,0,145.49723756906081,26335,9,0,0,50,2,0,0,3,37,21,Residential with services
9769,3,1,1,0,1,0,0,0,204.41721854304637,30867,8,1,0,11,5,0,0,15,50,10,Shopping areas
9141,1,0,0,0,0,0,0,0,160.03726708074538,25766,17,1,0,8,3,0,0,13,31,33,Residential with services
9459,4,0,0,0,0,0,0,0,33.84,846,3,2,0,1,1,0,0,7,2,2,Residential
9100,0,0,0,0,0,0,0,0,101.47368421052632,3856,4,2,0,0,2,0,0,7,4,5,Residential
9009,0,0,0,7,0,0,0,0,183.68072289156623,30491,14,3,0,21,10,0,0,12,16,50,Residential with services
9066,3,1,0,0,0,0,0,0,428.020134228188,63775,16,11,0,15,7,0,0,9,29,14,Residential with services
9909,0,0,0,1,0,0,0,0,105.94594594594595,3920,0,1,0,4,0,0,0,5,7,3,Residential
9003,0,5,0,10,0,2,0,0,3233.8940397350993,976636,43,11,1,32,28,0,0,15,50,49,Cultural & going out places
9676,0,2,0,0,0,0,0,0,275.52777777777777,19838,0,8,0,14,5,0,0,5,10,7,Residential
9966,0,0,0,0,1,1,0,0,173,7612,1,0,0,11,0,0,0,1,10,12,Shopping areas
10166,0,2,0,0,0,0,0,0,779.8355263157895,118535,12,3,0,30,23,0,0,9,41,11,Residential with services
9335,0,1,0,0,0,0,0,0,29.16666666666667,1050,3,0,0,5,2,0,0,0,7,3,Residential
9469,1,1,0,1,0,0,0,0,100.03846153846152,5202,2,0,0,11,2,0,0,7,12,3,Residential
9216,2,0,0,0,0,0,0,0,102.13157894736842,3881,0,1,0,2,3,0,0,9,5,5,Residential
9723,1,1,0,0,0,0,0,0,347.1228070175438,19786,0,2,0,5,3,0,0,17,12,3,Residential
9373,0,0,0,2,0,0,0,0,822.5714285714287,103644,4,1,0,15,3,0,0,8,24,16,Residential
9199,3,4,0,3,0,0,0,0,266.97530864197535,21625,4,1,0,17,2,0,0,7,16,6,Residential
9099,2,0,0,2,1,1,0,0,521.5915492957746,74066,11,8,0,13,2,0,0,6,31,18,Shopping areas
9118,0,5,0,1,0,0,1,0,1305.0338983050847,230991,28,2,0,22,9,0,0,18,35,14,Residential with services
9274,0,0,0,3,0,0,0,0,248.53333333333333,3728,1,0,0,1,0,0,0,4,2,0,Residential
10066,0,0,0,1,0,0,0,0,202.125,9702,0,0,0,5,2,0,0,9,6,4,Residential
9320,0,0,0,0,0,0,0,0,90.15789473684212,10278,0,0,0,34,3,0,0,3,40,13,Residential
9838,0,0,0,0,0,0,0,0,100.02631578947368,3801,2,0,0,10,0,0,0,6,5,0,Residential
10115,0,0,0,1,0,0,0,0,45.5,728,4,0,0,1,3,0,0,1,1,1,Residential
9497,0,0,0,0,0,0,0,1,128.10256410256412,4996,3,1,0,1,1,0,0,5,7,5,Residential
9646,0,0,0,0,0,0,1,0,83.8974358974359,3272,4,1,0,1,1,0,0,4,8,9,Residential
9620,1,12,0,8,0,0,0,0,2514.905723905724,746927,50,2,1,22,19,0,0,20,50,50,Cultural & going out places
9104,0,0,0,0,0,0,0,0,68.13513513513513,7563,3,0,0,19,3,0,0,7,47,9,Residential
9772,1,1,0,0,0,0,0,0,60.84782608695652,2799,3,2,0,3,3,0,0,7,5,5,Residential
9784,0,0,0,0,0,0,0,0,108.37142857142857,3793,1,0,0,4,2,0,0,7,4,4,Residential
9302,0,0,0,0,0,0,0,0,53.20454545454545,2341,1,7,0,2,0,0,0,17,3,1,Residential
9445,0,0,0,1,0,0,0,0,216.3243243243243,16008,3,2,0,11,3,0,0,2,21,3,Residential
10033,0,1,0,0,0,0,0,0,247.84615384615384,25776,22,0,0,18,9,0,0,7,24,7,Residential
9836,0,1,0,1,0,0,0,0,105.75555555555556,4759,3,1,0,9,0,0,0,9,8,1,Residential
10052,0,0,0,0,0,0,0,0,92.47058823529413,3144,2,1,0,11,0,0,0,4,11,0,Residential
10131,0,5,0,2,0,0,0,0,708.2185792349727,129604,18,0,0,44,22,0,0,24,21,18,Residential with services
9305,0,0,0,0,1,1,0,0,208.11627906976744,8949,2,0,0,15,2,0,0,2,12,3,Shopping areas
9257,9,6,1,1,0,0,0,0,586.8695652173913,148478,23,5,0,46,8,0,0,11,50,50,Residential with services
8986,13,25,2,18,0,1,2,1,8145.137931034483,2834508,48,17,4,50,23,0,0,28,50,28,Activity center
9818,0,0,0,0,0,0,0,0,67.03571428571429,1877,1,1,0,3,3,0,0,8,4,0,Residential
9899,3,4,0,1,0,0,1,1,791.9608695652174,182151,29,3,0,15,21,0,0,24,49,31,Residential with services
9695,0,2,0,0,1,0,0,0,482.30120481927713,40031,5,0,0,4,6,0,0,11,17,7,Shopping areas
9011,6,9,1,1,0,1,0,0,1144.984674329502,298841,13,7,2,45,31,0,0,18,50,50,Cultural & going out places
9828,0,1,0,0,0,0,0,1,51.871287128712865,5239,5,3,0,17,4,0,0,11,32,5,Residential
9547,10,6,0,1,0,2,0,0,1526.5951557093426,441186,50,26,1,27,38,0,0,23,29,50,Cultural & going out places
8994,0,0,0,0,0,0,0,0,90.3953488372093,3887,1,1,0,11,0,0,0,4,18,1,Residential
9949,0,1,1,0,0,0,0,0,122.36666666666666,3671,1,8,0,1,2,0,0,11,3,2,Residential
9521,0,0,0,0,0,0,0,0,99.8125,3194,2,0,0,3,0,0,0,6,3,4,Residential
9421,0,1,1,1,1,0,0,0,412.8,20640,1,2,0,1,5,0,0,14,4,3,Shopping areas
9508,0,0,0,0,0,0,0,0,222.325,8893,1,0,0,3,0,0,0,7,7,12,Residential
9777,0,0,0,8,0,0,0,0,37.692307692307686,490,1,0,0,0,0,0,0,1,4,2,Residential
9367,0,1,0,0,0,0,0,0,129.86516853932585,11558,4,1,0,14,3,0,0,20,15,5,Residential
9636,0,0,0,0,0,0,0,0,242.4,10908,0,0,0,2,6,0,0,3,4,8,Residential
9483,0,3,0,2,0,0,0,1,723.8452380952382,121606,13,1,0,22,12,0,0,26,28,20,Residential with services
10142,0,0,0,2,0,0,0,0,120.44444444444444,10840,2,4,0,8,6,0,0,15,21,13,Residential
9037,1,1,0,3,0,0,0,0,1460.7103174603174,368099,17,17,1,20,26,0,0,22,50,49,Residential with services
9822,0,0,0,0,0,0,0,0,128.25714285714287,4489,1,1,0,6,1,0,0,8,4,4,Residential
9315,0,0,0,0,0,0,0,0,236.3030303030303,7798,0,0,0,12,0,0,0,3,7,2,Residential
9611,4,2,0,1,1,1,0,0,193.94117647058826,13188,2,0,0,21,1,0,0,0,26,5,Shopping areas
9251,1,3,0,0,0,1,0,0,823.1464968152866,129234,1,2,0,24,2,0,0,10,39,25,Residential with services
10181,0,0,0,0,0,0,2,0,112.1086956521739,10314,3,8,0,9,2,0,0,15,6,16,Residential
9590,0,3,1,3,0,0,0,0,1653.932142857143,463101,18,17,1,31,26,0,0,15,50,50,Residential with services
9737,0,0,0,0,0,0,0,0,532.7708333333334,25573,0,4,0,3,1,0,0,12,5,8,Residential
9189,2,0,0,0,0,0,0,0,50.76363636363637,2792,0,0,0,4,3,0,0,14,12,3,Residential
9951,0,0,0,2,0,0,0,0,58.418918918918926,4323,2,4,0,20,1,0,0,11,7,8,Residential
9610,2,4,0,4,0,0,0,0,1476.7820895522389,494722,39,9,2,30,44,0,0,24,50,49,Cultural & going out places
9712,2,1,0,1,0,0,0,0,329.73936170212767,61991,5,0,0,21,14,0,0,24,40,24,Residential with services
9165,0,0,0,0,0,0,0,0,75.83333333333333,1365,1,1,0,1,1,0,0,12,1,0,Residential
10175,0,6,0,1,0,0,0,0,877.1355932203389,207004,9,19,0,37,8,0,0,9,50,48,Residential with services
10171,0,0,0,0,0,0,0,0,233.98181818181817,12869,1,11,0,3,4,0,0,7,7,3,Residential
9294,2,10,0,18,2,3,1,0,2871.6309523809527,964868,31,10,4,50,36,0,0,19,38,50,Cultural & going out places
10077,4,0,0,2,2,0,0,0,586.5882352941177,39888,4,0,0,3,5,0,0,10,13,13,Shopping areas
9813,0,0,0,0,0,0,0,0,155.51612903225808,4821,0,0,0,0,1,0,0,9,2,12,Residential
9114,3,12,0,5,1,0,0,0,484.7713178294574,125071,9,12,0,21,25,0,0,29,50,50,Residential with services
9757,2,1,0,2,0,0,8,0,204.52659574468086,38451,14,4,0,22,3,0,0,22,30,23,Residential with services
9209,0,1,0,0,0,0,0,0,71.15254237288136,8396,2,4,1,8,3,0,0,10,32,11,Residential
9020,7,18,0,3,0,0,0,0,1511.0426229508194,460868,50,7,1,50,18,0,0,21,50,50,Cultural & going out places
9651,0,2,0,0,0,0,0,0,40.18571428571428,2813,4,0,0,7,7,0,0,12,8,10,Residential
9638,0,0,0,0,0,0,0,0,55,605,1,1,0,1,0,0,0,1,2,2,Residential
9625,2,7,0,1,0,0,0,0,537.5128205128206,104815,13,6,0,23,19,0,0,19,43,22,Residential with services
9032,0,0,0,0,0,0,0,0,253.725,10149,6,2,0,4,0,0,0,2,9,3,Residential
9158,0,0,0,0,0,0,0,0,44.58823529411765,758,1,0,0,2,0,0,0,5,3,1,Residential
9328,0,0,0,0,0,0,0,0,99.03125,3169,0,0,0,15,0,0,0,1,8,1,Residential
9474,0,0,0,3,0,0,0,0,69.16129032258064,2144,0,0,0,5,0,0,0,3,8,1,Residential
9988,0,0,0,10,0,0,0,0,95.09195402298849,8273,3,0,2,7,1,0,0,3,11,29,Residential
10128,2,10,0,2,0,0,0,0,1847.6902654867254,417578,27,1,0,48,22,0,0,31,12,32,Residential with services
10088,4,8,0,0,0,0,0,0,334.9791666666667,32158,6,2,0,24,3,0,0,9,23,12,Residential
9039,3,16,4,8,0,0,0,0,1301.9192307692308,338499,18,9,0,41,33,0,0,26,14,50,Cultural & going out places
10120,0,0,0,4,0,0,0,0,164.59574468085106,7736,1,1,0,9,3,0,0,7,6,5,Residential
9130,0,0,0,13,0,1,0,0,233.66782006920414,67530,15,50,0,14,16,0,0,50,11,50,Cultural & going out places
9960,0,0,0,0,0,0,0,0,94.64705882352942,3218,4,1,0,4,2,0,0,6,8,5,Residential
9133,0,1,0,0,1,0,0,0,119.28,8946,3,0,0,9,1,0,0,11,25,7,Shopping areas
9632,0,1,0,0,0,0,0,0,125.22115384615385,13023,4,2,0,12,1,0,0,13,16,15,Residential
9619,1,2,0,0,0,0,0,0,318.948717948718,37317,2,0,0,10,3,0,0,10,21,21,Residential
9762,7,4,1,0,0,0,0,0,267.0235294117647,45394,5,2,0,14,10,0,0,14,50,13,Residential with services
9600,1,0,0,2,0,0,0,0,455.91666666666674,21884,2,0,0,5,1,0,0,2,7,7,Residential
9618,3,1,0,0,0,0,0,0,148.36363636363637,6528,3,0,0,1,0,0,0,5,10,7,Residential
9485,7,5,0,3,1,0,0,0,185.0990099009901,18695,11,2,0,12,3,0,0,5,23,11,Shopping areas
9014,7,7,0,0,0,0,0,0,763.4844720496893,245842,50,14,3,29,20,0,0,23,50,50,Cultural & going out places
9603,9,12,0,3,0,0,2,0,696.9955947136563,158218,5,0,0,31,14,0,0,28,50,41,Residential with services
9451,4,1,1,0,0,0,0,0,45.9,2754,1,0,0,4,3,0,0,7,4,9,Residential
9413,0,0,0,0,0,0,0,1,71.20930232558139,3062,1,1,0,8,2,0,0,2,13,3,Residential
9468,2,1,0,0,0,0,0,0,47.78787878787879,1577,0,1,0,4,0,0,0,12,1,2,Residential
9792,0,1,1,1,0,0,0,0,38.65625,1237,4,1,0,2,0,0,0,9,2,3,Residential
9061,5,5,0,2,0,0,0,0,1380.9727626459146,354910,18,4,0,28,14,0,0,31,50,40,Residential with services
9765,1,1,0,0,0,0,0,0,454.7471264367816,39563,1,1,0,16,6,0,0,12,21,4,Residential
9894,4,4,0,1,0,0,0,0,645.9956521739131,148579,20,6,0,35,10,0,0,21,50,28,Residential with services
9993,0,0,0,2,0,1,0,0,395.66666666666674,15431,1,0,0,6,2,0,0,1,11,3,Residential
9273,2,0,1,1,0,1,0,0,385.24,19262,5,3,0,2,1,0,0,10,4,3,Residential
10039,1,0,0,1,0,0,0,0,534.5529411764705,45437,10,0,0,6,4,0,0,7,37,7,Residential
9288,0,0,0,0,0,0,0,0,24.804878048780488,1017,1,1,0,15,2,0,0,0,12,1,Residential
10065,0,2,0,0,0,0,0,0,580.2604166666666,111410,6,2,0,11,8,0,0,19,30,33,Residential with services
9624,2,6,0,0,0,0,0,0,337.62264150943395,35788,8,5,0,9,7,0,0,15,18,9,Residential
9392,0,0,0,1,0,0,0,0,207.40740740740745,11200,7,1,0,3,2,0,0,6,16,3,Residential
9724,0,1,0,0,0,0,0,0,177.9148936170213,8362,2,1,0,4,5,0,0,9,5,7,Residential
9203,0,2,0,2,0,1,0,1,1024.5732758620688,237701,8,3,1,25,24,0,0,26,50,39,Residential with services
10015,1,0,0,4,0,0,1,0,223.3972602739726,16308,6,1,1,5,0,0,0,9,3,21,Residential
9051,1,9,0,0,0,0,0,0,1324.425,264885,10,0,0,34,28,0,0,17,50,31,Residential with services
10155,4,3,0,1,0,1,1,0,487.84324324324325,90251,10,8,0,23,2,0,0,9,50,19,Residential with services
10187,1,1,0,0,0,0,1,0,495.4,29724,2,7,0,4,1,0,0,6,14,6,Residential
10113,3,7,1,7,0,0,1,0,903.703007518797,240385,19,8,4,20,24,0,0,8,50,50,Cultural & going out places
9085,10,13,0,13,1,2,2,0,9478.935114503816,2483481,25,7,4,50,24,0,0,13,24,15,Activity center
9258,0,1,0,1,0,0,0,0,502.23783783783773,92914,5,3,0,34,21,0,0,25,33,14,Residential with services
9924,0,1,0,0,0,0,0,1,716.0394736842105,54419,2,45,0,3,4,0,0,11,1,0,Residential
9482,0,0,1,13,0,0,0,1,607.1228070175439,138424,16,16,0,27,10,0,0,32,25,20,Residential with services
9820,0,0,0,3,0,0,0,0,287.6296296296296,15532,2,0,0,10,4,0,0,5,17,3,Residential
10129,0,0,0,3,0,0,1,0,119,3808,2,2,0,3,0,0,0,7,6,4,Residential
9918,0,0,0,0,0,0,0,0,151,1812,0,0,0,3,0,0,0,0,3,3,Residential
9089,1,1,0,0,0,0,0,0,106.8875,8551,1,4,0,8,1,0,0,4,22,5,Residential
10138,0,0,1,4,0,0,0,0,394.8278145695364,59619,7,38,0,23,6,0,0,3,18,14,Residential
9065,1,1,0,2,0,0,0,1,499.6035242290749,113410,15,6,0,38,9,0,0,7,50,46,Residential with services
9383,0,0,0,7,0,0,0,1,96,4800,1,1,0,5,1,0,0,4,10,4,Residential
10096,4,1,0,0,0,0,0,0,417.82307692307694,54317,8,3,0,28,8,0,0,12,33,8,Residential with services
9036,2,6,0,3,1,0,0,0,674.4128440366973,147022,50,4,0,11,19,0,0,11,50,26,Residential with services
10163,6,3,0,0,0,0,0,0,930.6285714285713,162860,16,10,0,13,9,0,0,14,50,30,Residential with services
9176,0,0,0,1,0,0,0,0,49.59375,1587,0,1,0,7,0,0,0,1,9,1,Residential
9726,0,1,0,0,0,0,0,0,504.25531914893617,23700,1,1,0,3,1,0,0,9,8,9,Residential
10053,0,0,0,0,0,0,0,0,55.27272727272727,1824,0,0,0,5,2,0,0,7,6,3,Residential
10029,0,0,0,1,0,0,0,2,264.63392857142856,29639,6,3,0,8,9,0,0,13,12,19,Residential
9151,0,0,0,0,0,0,0,0,239.39880952380955,40219,7,4,0,39,4,0,0,11,50,12,Residential with services
9565,0,1,0,1,0,0,0,0,71.6829268292683,2939,1,1,0,6,3,0,0,2,7,6,Residential
9921,1,1,0,0,1,0,0,0,69.6,2436,1,2,0,3,1,0,0,9,5,3,Shopping areas
9256,0,0,0,4,0,0,0,0,284.5732484076433,89356,27,50,0,50,4,0,0,39,50,18,Residential with services
9745,2,0,1,1,0,0,0,0,210.63157894736838,8004,3,3,0,6,3,0,0,6,4,3,Residential
9028,0,11,0,1,0,1,0,0,1798.2703862660944,418997,20,1,0,40,24,0,0,25,50,32,Residential with services
9700,0,0,0,0,0,0,0,0,77.90384615384616,4051,2,0,0,1,4,0,0,8,7,16,Residential
9861,0,0,0,4,0,1,0,0,100.80232558139537,17338,5,1,0,50,5,0,0,11,50,24,Residential with services
9852,0,0,0,0,0,0,0,0,133.50877192982458,15220,8,0,0,12,7,0,0,29,21,12,Residential
9563,0,0,0,2,0,0,0,0,40.15151515151515,1325,4,0,0,4,1,0,0,2,5,3,Residential
10055,0,0,0,0,0,0,0,0,47.230769230769226,1228,0,0,0,2,3,0,0,6,12,0,Residential
9276,2,1,0,0,1,0,1,0,112.61111111111113,6081,4,1,0,3,2,0,0,11,9,8,Shopping areas
9857,1,3,0,2,1,0,0,0,245.7457627118644,14499,5,2,0,6,0,0,0,11,4,3,Shopping areas
9877,0,4,1,6,0,0,0,0,471.7971014492754,97662,9,4,0,22,9,0,0,20,28,35,Residential with services
9175,0,0,0,0,0,0,0,0,143.90697674418604,6188,2,0,0,1,1,0,0,10,7,5,Residential
10118,0,0,0,0,0,0,0,0,240.0909090909091,2641,0,1,0,0,1,0,0,2,1,2,Residential
9643,0,5,0,1,0,0,0,0,317.984126984127,20033,3,0,0,6,3,0,0,15,8,11,Residential
9299,0,0,0,0,0,0,0,0,48.82352941176471,1660,1,1,0,6,0,0,0,3,9,1,Residential
9338,2,7,0,0,0,0,0,1,869.6938775510204,85230,13,0,0,5,6,0,0,7,14,9,Residential
9842,1,0,0,2,0,1,0,0,811.5909090909091,142840,12,4,0,27,6,0,0,4,50,17,Residential with services
9339,2,0,0,0,1,0,0,2,199.6422018348624,21761,9,11,0,10,2,0,0,6,9,7,Shopping areas
9234,1,2,0,3,0,0,0,0,631.9534883720929,27174,5,1,0,6,2,0,0,6,9,4,Residential
10072,0,0,0,0,0,0,0,0,250.45833333333331,6011,1,0,0,1,1,0,0,7,2,3,Residential
9516,0,2,0,0,0,0,0,0,407.71515151515155,67273,9,50,1,20,7,0,0,8,17,15,Residential with services
9374,0,0,0,1,0,0,0,0,54.93617021276596,2582,0,2,0,10,3,0,0,2,15,7,Residential
9252,2,5,0,2,0,0,0,0,238.74025974025972,18383,15,0,0,6,5,0,0,6,15,6,Residential
9808,0,1,0,0,0,0,0,0,81.1470588235294,2759,4,0,0,3,3,0,0,10,1,2,Residential
9744,5,2,2,0,0,0,0,0,904.3561643835616,132036,13,15,0,18,2,0,0,7,32,27,Residential with services
9280,0,0,0,4,0,0,0,0,131.15517241379308,15214,11,1,0,5,4,0,0,12,7,27,Residential
9727,0,0,0,0,0,0,0,0,314.36,23577,0,0,0,16,0,0,0,7,16,11,Residential
9030,0,2,1,0,0,0,0,0,1741.513812154696,315214,16,25,0,17,13,0,0,9,26,31,Residential with services
9262,1,1,0,1,0,0,0,0,52.769230769230774,1372,4,0,0,4,1,0,0,5,7,1,Residential
10193,0,0,0,0,0,0,0,0,133.55844155844156,10284,1,1,0,10,4,0,0,11,10,17,Residential
9222,0,0,0,1,0,0,0,0,355.56349206349205,44801,5,0,0,9,6,0,0,17,31,4,Residential
9286,1,0,0,0,0,0,1,0,33.648648648648646,1245,1,0,0,8,0,0,0,7,10,0,Residential
9466,0,0,0,6,0,0,0,0,330.9019607843137,16876,3,0,1,1,0,0,0,11,5,13,Residential
9780,0,0,0,6,0,0,0,0,176.33846153846153,11462,1,1,0,10,0,0,0,4,9,4,Residential
10050,0,0,0,0,0,0,0,0,13.875,111,0,0,0,0,0,0,0,0,4,1,Residential
9196,1,1,0,2,0,0,0,0,732.125,152282,16,3,1,12,18,0,0,28,42,35,Residential with services
9187,0,2,0,2,0,0,0,0,160,8640,4,0,0,11,5,0,0,1,16,3,Residential
9441,0,3,0,3,0,0,1,0,1089.4715025906737,210268,10,7,0,19,16,0,0,19,27,27,Residential with services
9608,11,19,3,6,0,0,0,1,1649.8391812865498,564245,37,29,1,47,46,0,0,21,28,50,Cultural & going out places
9472,0,0,0,0,0,0,0,0,39.72,993,0,0,0,2,2,0,0,14,2,1,Residential
9075,1,3,0,2,0,0,1,0,165.18840579710144,11398,20,0,1,7,8,0,0,6,8,4,Residential
9347,0,0,0,2,0,0,0,0,91.05405405405405,3369,1,1,0,3,0,0,0,10,5,10,Residential
9502,1,0,0,0,0,0,0,0,736.6666666666665,19890,2,0,0,4,1,0,0,5,8,4,Residential
9197,0,0,0,0,0,0,0,1,128.3010752688172,11932,1,4,0,9,5,0,0,9,32,2,Residential
9622,0,0,0,1,0,0,0,0,82.28125,5266,4,2,0,3,0,0,0,13,9,15,Residential
10082,0,0,0,0,0,0,0,0,84.4375,2702,2,0,0,14,0,0,0,2,6,3,Residential
9069,4,8,2,2,0,0,0,0,467.9694656488549,61304,3,3,0,22,3,0,0,12,28,10,Residential with services
9053,0,5,0,1,0,0,0,0,1215.719387755102,238281,9,3,0,42,17,0,0,8,50,11,Residential with services
9814,1,0,0,3,1,0,3,2,888.231884057971,122576,8,1,0,16,7,0,0,20,17,11,Shopping areas
9991,0,0,0,0,0,0,0,0,126.36363636363636,1390,0,1,0,1,0,0,0,0,1,0,Residential
9301,2,0,0,0,0,0,0,0,73.77083333333333,3541,2,1,0,11,0,0,0,7,10,1,Residential
9454,2,4,0,0,0,0,0,0,111.96428571428572,3135,0,3,0,3,0,0,0,9,2,2,Residential
9342,0,0,0,0,0,0,0,0,86.07317073170731,3529,1,0,0,12,1,0,0,4,13,3,Residential
9464,0,0,0,4,0,0,0,0,106.8205128205128,4166,2,0,0,6,2,0,0,5,8,6,Residential
9309,0,0,0,0,0,0,0,0,9.454545454545457,104,2,0,0,0,0,0,0,4,0,0,Residential
9558,4,5,0,7,0,2,1,1,1555.7980132450332,469851,37,5,1,50,36,0,0,25,21,50,Cultural & going out places
9621,0,0,0,0,0,0,1,0,601.188679245283,63726,22,2,0,4,5,0,0,6,10,24,Residential
9362,0,0,1,0,0,0,0,0,421.60526315789474,16021,1,0,0,10,5,0,0,2,12,2,Residential
9056,0,0,0,0,0,0,0,0,131.05555555555554,2359,1,0,0,2,0,0,0,1,7,1,Residential
9948,0,0,0,0,0,0,0,1,88.30769230769229,3444,1,2,0,7,1,0,0,4,11,2,Residential
9243,0,1,0,3,0,0,0,0,326.89010989010984,29747,5,1,0,28,0,0,0,4,22,3,Residential
9430,0,0,0,0,0,0,0,0,147.94957983193277,17606,3,0,0,33,9,0,0,8,50,4,Residential with services
9404,0,1,0,0,0,0,0,1,138.40322580645162,8581,1,1,0,10,5,0,0,7,23,2,Residential
9231,1,4,1,8,0,0,0,2,1478.9083969465646,387474,27,50,0,50,13,0,0,14,15,13,Universities
9195,0,4,1,0,0,0,0,0,764.6969696969697,50470,3,14,0,7,1,0,0,5,6,3,Residential
9768,4,1,1,3,0,1,0,0,432.00595238095235,72577,11,1,0,12,5,0,0,15,50,22,Residential with services
9281,1,0,0,1,0,0,0,1,150.52380952380952,15805,0,1,0,13,0,0,0,5,27,7,Residential
9062,0,0,0,1,0,0,0,0,94.65714285714287,3313,2,0,0,11,2,0,0,1,8,1,Residential
9403,0,3,0,1,0,0,0,0,64.79746835443038,5119,6,3,0,5,2,0,0,8,23,1,Residential
9816,0,0,0,0,0,0,0,0,145.2962962962963,7846,2,4,0,10,1,0,0,14,7,6,Residential
9204,6,0,0,1,0,0,0,0,105.74146341463413,21677,38,13,0,9,3,0,0,8,50,29,Residential with services
9908,0,0,0,0,0,0,0,0,101.4,4563,0,1,0,10,1,0,0,7,13,5,Residential
10102,0,0,0,1,0,0,0,0,13,39,1,0,0,1,0,0,0,0,0,0,Residential
9000,7,5,0,3,0,0,0,0,1273.2417061611375,268654,9,26,0,23,22,0,0,14,24,30,Residential with services
10037,1,1,0,1,0,0,0,0,939.09375,180306,5,1,0,45,15,0,0,17,29,35,Residential with services
9291,0,0,0,0,0,0,0,0,224.94047619047618,18895,3,0,0,28,4,0,0,5,25,5,Residential
9560,8,9,1,3,1,0,1,1,3971.558823529412,1080264,50,1,1,50,30,0,0,11,28,50,Cultural & going out places
9064,9,1,1,3,0,0,0,0,345.6684782608696,63603,34,2,0,11,6,0,0,7,50,19,Residential with services
9110,5,4,3,0,1,0,0,0,588.2689075630253,70004,7,0,0,9,3,0,0,15,35,21,Shopping areas
10089,4,8,0,0,1,0,0,0,703.629213483146,62623,7,0,0,9,3,0,0,10,30,11,Shopping areas
10031,0,7,0,1,0,0,0,0,2349.962264150944,622740,50,3,0,43,22,0,0,17,19,50,Cultural & going out places
9662,3,2,0,2,0,0,0,0,613.3697478991596,145982,12,2,0,39,6,0,0,17,50,50,Residential with services
9044,0,0,0,0,0,0,0,0,87.06849315068493,6356,5,1,0,13,2,0,0,9,17,3,Residential
9491,0,0,0,2,0,0,0,0,70.10416666666667,3365,3,3,0,8,1,0,0,4,8,6,Residential
9829,0,0,0,1,0,0,0,0,176.01098901098905,16017,7,3,0,16,3,0,0,16,23,3,Residential
9083,5,11,0,1,0,0,1,1,1417.15770609319,395387,40,42,2,40,9,0,0,17,23,50,Cultural & going out places
9271,0,0,0,5,0,0,0,0,53.65714285714286,3756,4,3,0,9,2,0,0,11,12,4,Residential
10121,0,1,0,1,1,0,0,1,241.47916666666663,11591,0,0,0,6,1,0,0,11,6,4,Shopping areas
9225,1,0,0,0,0,0,0,1,126.63865546218487,15070,5,2,0,12,2,0,0,3,36,14,Residential
10139,2,2,0,1,0,0,0,0,489.30201342281885,72906,6,1,0,24,6,0,0,21,50,13,Residential with services
9686,0,0,0,0,0,0,0,0,206.67741935483872,25628,5,1,0,11,2,0,0,4,35,17,Residential
9588,1,2,0,0,0,0,0,0,1249.0747663551401,267302,27,2,0,25,24,0,0,15,50,34,Residential with services
9569,11,20,1,4,0,4,0,1,1403.1566951566952,492508,45,32,0,50,18,0,0,36,29,50,Cultural & going out places
9239,0,2,0,0,0,0,0,0,247.05797101449275,34094,8,24,0,9,5,0,0,15,15,16,Residential
9740,0,2,3,1,0,0,0,0,582.6,20391,0,0,0,2,0,0,0,5,11,2,Residential
9448,0,0,1,5,0,0,0,0,71.17241379310343,4128,3,2,0,15,4,0,0,8,4,7,Residential
9350,1,3,1,1,0,0,0,0,149.06521739130434,6857,5,1,0,2,1,0,0,12,2,5,Residential
9112,0,1,0,0,0,0,0,0,73.34042553191489,3447,0,0,0,3,2,0,0,7,8,5,Residential
9604,1,1,0,7,0,0,0,0,474.0790697674418,101927,15,5,0,33,19,0,0,8,17,50,Residential with services
9293,0,0,1,4,0,0,0,0,386.07228915662654,32044,9,14,0,6,6,0,0,18,5,4,Residential
8999,1,12,1,9,0,0,0,0,996.0431654676261,276900,21,5,1,44,35,0,0,25,50,50,Cultural & going out places
9323,0,0,0,1,0,0,0,0,90.69767441860463,3900,2,2,0,5,1,0,0,2,11,7,Residential
9264,0,0,0,0,0,0,0,0,460.1525423728813,27149,2,0,0,13,1,0,0,5,22,3,Residential
9148,0,0,0,0,0,0,0,0,410.1176470588235,27888,4,19,0,5,2,0,0,9,2,4,Residential
9846,0,1,0,1,0,0,2,0,392.36,49045,6,3,1,11,5,0,0,8,8,27,Residential
10079,7,9,1,1,0,0,1,0,717.7388535031848,112685,10,0,0,13,8,0,0,10,50,27,Residential with services
9764,1,0,0,1,0,0,0,0,116.15533980582524,11964,5,4,0,7,2,0,0,16,21,10,Residential
9671,1,0,0,0,0,0,0,0,54.17073170731707,2221,1,0,0,3,2,0,0,6,6,8,Residential
9008,2,3,0,3,0,0,0,0,389.48333333333335,46738,9,3,0,6,3,0,0,10,15,32,Residential
9119,2,1,0,2,0,0,0,0,1359.9819277108436,225757,19,6,0,20,7,0,0,11,22,22,Residential with services
9090,0,0,0,2,0,0,0,3,116.15079365079364,14635,4,40,0,7,0,0,0,2,19,18,Universities
9230,0,0,0,0,0,0,0,0,107.03030303030305,3532,3,2,0,7,1,0,0,3,4,4,Residential
9429,0,0,0,1,0,1,0,0,201.55932203389833,11892,2,0,0,8,3,0,0,6,20,4,Residential
9343,0,1,0,0,0,0,0,0,49.354838709677416,3060,1,0,0,18,2,0,0,8,18,2,Residential
9070,0,0,0,1,0,0,0,0,76.07407407407408,6162,1,2,0,18,4,0,0,10,24,5,Residential
9435,2,4,0,3,0,5,0,0,2412.051886792453,511355,24,3,1,29,14,0,0,20,15,48,Cultural & going out places
10025,0,2,0,11,0,0,0,0,1053.1757322175729,251709,18,2,0,18,7,0,0,31,50,38,Residential with services
9593,3,4,0,2,0,0,0,0,883.6461038961038,272163,50,31,2,26,39,0,0,19,50,50,Cultural & going out places
9817,0,0,0,0,0,0,0,0,44.555555555555564,2406,3,3,0,5,2,0,0,4,7,9,Residential
9667,1,0,0,0,0,0,0,0,172.5681818181818,7593,0,0,0,6,1,0,0,16,5,4,Residential
9240,0,0,0,1,0,0,0,0,35,700,1,0,0,0,1,0,0,1,5,6,Residential
9134,1,1,0,0,0,0,0,1,535.3900709219859,75490,9,0,0,9,14,0,0,22,27,25,Residential with services
9946,0,0,0,0,0,0,0,0,81.79310344827586,2372,0,2,0,4,0,0,0,3,10,4,Residential
10126,1,0,0,0,0,0,0,0,154.89655172413794,4492,1,0,0,0,1,0,0,6,8,3,Residential
9534,27,38,0,22,2,3,2,2,3453.098159509202,1125710,50,41,6,50,18,0,0,22,43,16,Activity center
9341,0,0,0,0,0,0,0,0,84.26530612244899,4129,1,4,0,8,1,0,0,13,9,3,Residential
9520,0,0,0,1,0,0,0,0,156.5,4382,0,1,0,1,2,0,0,9,4,3,Residential
9663,0,0,0,0,0,0,0,0,150.46875,9630,2,0,0,4,6,0,0,14,15,4,Residential
9654,0,0,0,0,0,0,0,0,246.17647058823533,12555,2,0,0,11,1,0,0,4,10,4,Residential
9149,0,0,0,1,0,0,0,1,224.17117117117118,24883,1,2,0,14,1,0,0,12,28,6,Residential
9425,2,2,0,2,0,0,0,0,327.25663716814165,36980,12,3,0,11,10,0,0,14,30,7,Residential
9599,20,5,0,2,0,0,0,0,2479.745989304813,927425,50,17,4,29,50,0,0,39,50,50,Cultural & going out places
9229,2,2,1,0,1,0,0,0,947.5,58745,3,0,0,10,2,0,0,8,15,4,Shopping areas
9137,0,0,0,4,0,0,0,0,94.6,2838,2,0,0,2,1,0,0,1,3,10,Residential
9236,2,2,0,3,1,0,0,0,127.58620689655173,3700,2,2,0,1,1,0,0,6,2,2,Shopping areas
9192,7,15,1,17,0,1,1,1,6683.856655290103,1958370,18,23,2,47,27,0,0,7,20,50,Activity center
9564,5,10,0,7,0,2,0,0,1921.413294797688,664809,50,15,1,35,49,0,0,21,50,50,Cultural & going out places
9050,0,0,0,0,0,0,1,0,1028.936936936937,114212,12,2,0,10,9,0,0,17,31,10,Residential
9369,0,1,0,2,0,0,0,0,522.5142857142856,54864,15,0,1,12,1,0,0,2,24,12,Residential
10098,2,1,2,0,1,0,0,0,111.46610169491524,13153,3,7,0,19,5,0,0,23,14,9,Shopping areas
9479,0,0,0,2,0,0,0,0,71.75757575757575,2368,0,0,1,4,1,0,0,8,5,2,Residential
9174,0,0,0,0,0,0,0,0,306.7931034482759,8897,1,0,0,1,0,0,0,10,8,1,Residential
9360,2,1,0,1,0,0,0,0,207.08620689655172,12011,2,22,0,8,0,0,0,8,7,1,Residential
9504,0,0,0,8,0,0,0,0,314.4492753623188,21697,3,1,0,11,0,0,0,9,5,20,Residential
10087,7,4,1,1,0,0,0,0,310.32142857142856,26067,6,0,0,17,1,0,0,8,21,13,Residential
9200,5,1,1,0,0,0,0,0,310.1379310344828,35976,6,2,0,11,2,0,0,16,26,13,Residential
9770,0,4,0,0,0,0,1,0,273.9259259259259,14792,3,1,0,7,2,0,0,8,4,5,Residential
9992,0,0,0,0,0,0,0,0,541,5410,0,0,0,1,0,0,0,2,1,1,Residential
10136,2,8,0,0,0,0,0,0,1555.5876288659797,301784,18,2,0,26,40,0,0,28,17,20,Residential with services
9146,2,1,0,1,0,0,0,6,847.483870967742,183904,4,50,0,17,5,0,0,27,25,50,Universities
9478,0,0,0,2,0,0,0,1,71.275,2851,1,0,0,4,0,0,0,7,5,3,Residential
9536,8,10,0,3,0,1,2,1,1106.621359223301,341946,28,50,1,39,30,0,0,19,24,45,Cultural & going out places
9433,0,0,0,0,0,0,0,0,14.25,114,1,0,0,1,0,0,0,1,2,3,Residential
9656,0,0,0,0,0,0,0,0,167.4,3348,0,0,0,0,0,0,0,5,4,3,Residential
9592,1,1,0,4,0,1,0,0,480.6363636363636,26435,8,1,0,5,2,0,0,10,7,3,Residential
9348,3,1,0,1,0,3,0,1,304.6836734693877,59718,14,7,0,41,5,0,0,5,50,17,Residential with services
10027,0,3,0,13,0,4,4,0,1300.6923076923074,473452,50,16,0,35,50,0,0,19,50,50,Cultural & going out places
8984,2,0,0,0,0,0,0,0,78.4090909090909,1725,3,0,0,0,2,0,0,4,1,1,Residential
9005,3,12,0,4,0,0,2,0,1034.608510638298,243133,11,11,0,23,17,0,0,22,50,39,Residential with services
8983,4,1,0,2,0,0,0,0,191.93939393939397,6334,2,0,0,6,1,0,0,4,1,3,Residential
9249,0,0,1,0,0,0,0,0,387.703125,24813,0,0,0,10,6,0,0,9,21,7,Residential
10056,0,1,0,0,0,0,0,0,58.27272727272727,1282,0,0,0,5,1,0,0,4,5,0,Residential
9115,3,5,1,2,0,0,1,0,782.9837133550486,240376,50,4,1,19,35,0,0,29,50,50,Cultural & going out places
9021,4,6,0,1,0,0,0,1,727.5929648241206,144791,11,5,0,40,3,0,0,8,50,19,Residential with services
9505,4,11,0,1,0,1,1,0,1064.7472924187725,294935,29,33,0,24,26,0,0,19,50,50,Cultural & going out places
9182,0,0,0,0,0,0,0,0,86.08333333333331,1033,1,0,0,4,0,0,0,2,0,0,Residential
9720,5,3,3,5,0,1,0,0,2324.3414634146343,762384,30,35,2,50,17,0,0,16,50,50,Cultural & going out places
9741,0,1,0,0,0,0,0,0,180.41304347826087,8299,3,0,0,1,1,0,0,5,10,3,Residential
9553,4,10,0,3,0,1,0,0,553.7384615384616,107979,12,3,0,26,12,0,0,15,37,35,Residential with services
10152,2,6,0,3,1,0,0,1,1702.889328063241,430831,29,9,1,15,24,0,0,11,50,50,Cultural & going out places
9159,0,0,0,4,0,0,0,0,136.68421052631578,5194,0,1,0,3,2,0,0,8,5,7,Residential
9715,0,0,0,0,0,0,0,0,93.86111111111113,3379,1,0,0,1,2,0,0,10,7,4,Residential
9349,0,2,0,4,0,0,0,0,83.08888888888889,3739,5,1,0,4,1,0,0,11,5,1,Residential
9345,0,0,0,1,0,0,0,0,95.41095890410959,6965,1,0,0,8,2,0,0,8,14,7,Residential
9664,1,1,0,0,0,0,0,0,136.6969696969697,9022,2,1,0,4,3,0,0,13,11,3,Residential
10075,2,0,1,0,0,0,0,1,313.3931034482758,45442,22,6,0,15,3,0,0,14,14,11,Residential
9733,0,1,0,2,0,0,0,0,360.6272727272727,39669,6,2,0,11,2,0,0,8,22,15,Residential
9787,0,0,0,2,0,0,0,0,78.8,2364,2,0,0,7,3,0,0,0,7,0,Residential
9573,0,0,0,0,0,0,0,0,92.46153846153848,1202,0,1,0,4,0,0,0,3,0,2,Residential
9283,0,0,0,0,0,0,0,1,531.373831775701,56857,2,50,0,9,6,0,0,11,6,3,Residential
9357,0,0,0,0,0,0,0,0,65.38461538461539,1700,0,1,0,5,0,0,0,2,11,1,Residential
9549,2,7,0,1,0,0,0,1,1468.7686567164178,393630,41,9,0,46,20,0,0,15,14,50,Residential with services
10026,3,1,0,4,0,1,0,0,1310.2218045112782,348519,33,4,2,18,41,0,0,16,50,50,Cultural & going out places
9542,0,0,0,0,0,0,0,0,344.1136363636364,15141,1,0,0,2,1,0,0,6,5,12,Residential
9190,0,0,0,0,0,0,0,1,252.95108695652172,46543,13,0,0,29,4,0,0,11,47,24,Residential with services
9344,5,5,0,0,0,0,0,0,234.122641509434,24817,3,2,0,21,1,0,0,8,36,11,Residential
9219,0,0,0,0,0,0,0,1,186.65671641791042,12506,1,27,0,4,0,0,0,15,6,1,Residential
10147,1,1,0,2,1,0,0,0,973.2857142857144,156699,2,0,0,27,10,0,0,20,34,36,Shopping areas
10036,0,1,0,2,0,0,0,0,382.2098214285714,85615,7,11,0,28,14,0,0,30,34,44,Residential with services
9097,0,2,0,0,0,0,0,0,204.72222222222226,11055,0,0,0,8,3,0,0,13,4,4,Residential
9574,1,1,1,0,0,1,0,0,137.69767441860466,5921,2,0,0,13,0,0,0,7,9,4,Residential
9631,0,1,0,0,0,0,0,0,98.16216216216215,3632,0,1,0,1,1,0,0,10,3,8,Residential
9325,2,0,0,1,0,0,0,0,52.030769230769224,3382,0,3,0,15,4,0,0,13,16,6,Residential
9523,0,1,0,3,0,0,1,0,593.1728971962617,126939,25,50,0,20,9,0,0,9,14,22,Residential with services
9476,0,2,0,0,0,0,0,1,227.98039215686276,23254,2,1,0,18,7,0,0,10,31,8,Residential
9409,0,0,0,2,0,0,0,0,204.15384615384616,7962,1,0,0,3,0,0,0,6,12,4,Residential
9915,0,0,0,6,0,0,1,1,229.21153846153842,23838,4,0,0,25,2,0,0,8,16,10,Residential
9074,0,0,0,0,0,0,0,0,410.48076923076917,64035,12,2,0,22,21,0,0,30,20,11,Residential with services
9584,0,2,0,6,0,0,0,0,335.2117647058824,85479,35,3,1,27,9,0,0,23,44,42,Residential with services
10046,0,0,0,0,0,0,0,0,106.33333333333331,1914,0,0,0,1,1,0,0,6,2,3,Residential
9054,0,0,0,0,1,0,0,0,102.17647058823529,1737,1,0,0,1,0,0,0,3,4,2,Shopping areas
8995,0,0,0,1,0,0,0,0,128.17021276595744,6024,2,2,0,4,3,0,0,8,7,7,Residential
10111,1,0,0,2,0,0,1,0,83.51515151515152,5512,4,0,0,4,0,0,0,11,15,3,Residential
9442,0,0,0,0,0,0,0,0,121.6875,3894,1,1,0,2,0,0,0,6,2,4,Residential
9655,0,0,0,0,0,0,0,0,55.032258064516135,1706,0,0,0,0,0,0,0,6,4,2,Residential
9287,0,0,0,0,0,0,0,1,54,1080,0,1,0,5,0,0,0,2,6,3,Residential
9833,2,0,0,27,0,0,0,1,128.59848484848484,16975,6,2,0,13,2,0,0,3,35,28,Residential with services
9903,3,4,0,4,0,0,0,0,240,12480,3,1,0,13,3,0,0,5,15,2,Residential
9902,4,1,0,0,0,0,0,0,82.09433962264151,4351,0,0,0,13,2,0,0,10,12,5,Residential
10084,0,0,0,4,0,0,0,0,125.01612903225808,15502,4,0,0,30,13,0,0,7,35,8,Residential with services
9406,0,0,0,0,0,0,0,0,53.89130434782609,2479,0,0,0,11,1,0,0,9,11,4,Residential
9509,19,8,1,10,0,0,1,0,2011.5945945945944,744290,50,15,0,50,43,0,0,12,50,50,Cultural & going out places
10071,0,7,2,1,0,0,0,0,280.5509259259259,60599,15,0,0,48,19,0,0,8,50,23,Residential with services
10093,2,7,1,0,0,0,0,0,332.23529411764713,22592,3,1,0,16,3,0,0,5,16,8,Residential
9488,5,1,0,5,1,0,0,0,510.0182926829268,83643,5,5,0,24,15,0,0,7,15,38,Shopping areas
10001,0,0,0,7,0,0,0,0,270.1481481481481,43764,2,31,0,18,1,0,0,27,9,7,Residential
9166,0,0,0,3,0,1,0,0,107.29411764705885,3648,4,1,0,3,1,0,0,7,6,2,Residential
10178,1,9,0,1,0,0,0,0,647.4451612903226,100354,9,4,0,22,11,0,0,17,37,20,Residential with services
9524,10,8,0,0,0,0,1,3,974.8828828828827,216424,4,10,0,31,14,0,0,13,44,50,Universities
9754,0,0,0,0,0,0,0,0,184.6,2769,0,0,0,0,0,0,0,0,2,1,Residential
9162,0,0,0,1,0,0,0,1,57.24137931034482,1660,1,0,0,2,1,0,0,6,6,1,Residential
9221,0,0,0,0,0,0,0,0,47.02173913043478,2163,4,2,0,4,1,0,0,4,9,4,Residential
9329,0,0,0,1,0,3,0,0,343.17910447761193,22993,3,1,0,12,1,0,0,5,23,11,Residential
9912,0,0,0,0,0,0,0,0,75.81818181818181,2502,1,3,0,8,0,0,0,4,6,2,Residential
9718,0,0,0,4,0,0,0,0,642.8947368421052,48860,4,0,0,5,4,0,0,8,5,15,Residential
9324,0,0,0,0,0,0,0,0,36.115384615384606,939,4,0,0,2,1,0,0,4,2,4,Residential
10020,0,0,0,2,0,0,0,0,94.65,1893,0,1,0,2,0,0,0,1,2,5,Residential
10081,1,0,0,2,0,1,0,0,146,16498,2,1,0,38,0,0,0,5,35,7,Residential
9330,0,0,0,1,0,0,0,0,67.03636363636363,3687,3,2,0,7,3,0,0,1,11,4,Residential
9124,3,2,0,0,0,0,0,0,135.6875,17368,5,4,0,9,4,0,0,12,40,13,Residential
9313,0,0,0,0,0,0,0,0,84.3913043478261,1941,1,0,0,6,0,0,0,3,7,1,Residential
9420,1,0,0,1,0,0,0,0,227.25316455696202,17953,3,0,0,16,6,0,0,17,16,7,Residential
9492,0,0,0,3,1,0,0,1,130.47692307692307,8481,6,0,0,6,0,0,0,14,19,6,Shopping areas
9556,0,1,0,0,0,0,0,0,1133.7237569060776,205204,3,2,0,35,16,0,0,15,23,25,Residential with services
9582,0,0,0,1,0,0,0,0,65.17948717948718,2542,3,0,0,4,0,0,0,8,9,2,Residential
9910,1,1,0,1,0,0,0,0,137.12820512820514,5348,6,0,0,4,3,0,0,9,4,6,Residential
10124,0,0,0,4,0,0,4,0,517.64,12941,1,4,0,5,1,0,0,2,4,0,Residential
9363,7,2,0,1,0,1,0,0,489.80808080808083,48491,1,0,0,17,0,0,0,6,44,9,Residential
9985,1,3,0,0,0,0,0,0,52.90909090909091,1164,1,1,0,1,1,0,0,8,2,3,Residential
9613,1,17,0,0,1,0,0,2,2220.126245847176,668258,26,34,2,50,19,0,0,34,13,50,Universities
9379,5,4,0,0,0,0,0,0,123.20408163265307,6037,2,0,0,2,7,0,0,10,7,6,Residential
9543,0,0,0,3,0,0,0,0,127.6271186440678,15060,14,3,0,7,9,0,0,18,28,10,Residential
9690,0,0,0,0,0,0,0,0,100.49056603773585,5326,1,1,0,2,3,0,0,18,3,7,Residential
10174,0,0,0,1,0,0,0,0,67.25,2152,0,1,0,6,0,0,0,8,4,4,Residential
9706,0,1,0,0,0,0,0,0,111.4,7241,0,0,0,12,4,0,0,20,9,6,Residential
9156,0,0,0,0,0,0,0,0,48.23333333333333,1447,1,0,0,2,2,0,0,3,7,4,Residential
9029,0,0,0,0,1,0,0,0,86.58333333333331,7273,1,3,0,16,1,0,0,7,16,21,Shopping areas
9411,1,0,0,0,0,0,0,0,255.65740740740745,27611,1,2,0,26,2,0,0,10,24,18,Residential
9010,4,5,0,2,0,0,0,1,459.7,59761,5,0,0,26,14,0,0,23,20,6,Residential with services
9756,0,0,0,0,0,0,0,0,394.4117647058823,6705,3,0,0,1,0,0,0,3,0,3,Residential
9277,0,0,0,1,0,0,1,0,98.64583333333331,9470,3,0,0,33,5,0,0,5,21,5,Residential
9786,0,0,0,0,0,0,0,0,43.67307692307693,2271,2,0,0,7,0,0,0,7,12,6,Residential
9799,0,1,0,0,1,0,0,0,40.25,644,2,0,0,0,0,0,0,4,2,2,Shopping areas
9681,1,0,0,0,1,0,0,0,87.88235294117645,4482,1,1,0,1,4,0,0,11,5,5,Shopping areas
9238,1,2,1,0,0,0,0,0,111.48717948717949,4348,1,3,0,6,3,0,0,5,7,4,Residential
9226,1,0,1,0,0,0,0,0,775.65,62052,6,15,0,6,5,0,0,12,7,6,Residential
9544,0,0,0,1,0,0,1,0,212.72222222222226,11487,3,0,1,1,0,0,0,6,3,21,Residential
9368,0,1,0,0,0,0,0,0,84.8125,10856,3,1,0,8,10,0,0,32,27,19,Residential with services
9919,0,0,0,0,0,0,0,0,23.2,232,0,0,0,1,0,0,0,2,2,2,Residential
9805,0,0,0,0,0,0,0,0,114.47368421052632,2175,0,0,0,1,1,0,0,7,4,2,Residential
9669,0,1,0,0,0,0,0,0,70.36486486486487,5207,3,0,0,5,4,0,0,19,20,7,Residential
9691,0,0,0,3,0,0,0,0,172.70588235294116,8808,2,0,0,4,2,0,0,10,6,9,Residential
9434,0,1,0,0,0,0,0,1,166.83544303797467,26360,3,14,0,15,11,0,0,22,18,14,Residential
9186,0,0,0,0,0,1,0,0,284.35849056603774,15071,0,0,0,15,1,0,0,9,12,7,Residential
9725,0,0,0,0,0,0,0,0,69.8888888888889,3774,1,0,0,3,3,0,0,15,10,4,Residential
9399,2,3,0,0,0,0,0,0,304.77272727272725,20115,7,1,0,9,8,0,0,12,14,5,Residential
9279,0,0,1,5,0,0,0,0,264.6935483870968,49233,8,4,1,41,7,0,0,12,50,18,Residential with services
9661,0,1,0,0,0,0,0,0,807.7511111111112,181744,19,8,0,22,11,0,0,30,50,50,Residential with services
9870,0,0,0,1,0,0,0,0,156.28571428571428,5470,1,0,0,8,1,0,0,5,8,5,Residential
9568,0,0,0,0,0,0,0,0,37.29032258064515,1156,2,0,0,0,1,0,0,13,1,6,Residential
9797,0,0,0,0,0,0,0,0,142.45,2849,0,0,0,0,0,0,0,5,3,2,Residential
9905,8,2,0,3,0,0,0,0,177.26153846153846,11522,9,0,0,9,3,0,0,10,9,0,Residential
9372,2,6,0,0,0,0,0,0,367.5869565217391,16909,3,1,0,8,3,0,0,10,6,5,Residential
9597,2,2,0,2,1,0,0,0,337.42489270386267,78620,15,15,0,35,6,0,0,10,50,36,Shopping areas
9080,2,3,0,2,0,0,0,0,616.1324503311257,93036,6,1,0,26,11,0,0,15,50,16,Residential with services
9220,1,0,1,0,0,0,0,0,58,5568,2,1,0,3,0,0,0,12,16,9,Residential
9825,0,0,0,1,0,0,0,0,162.23880597014926,10870,12,1,0,13,3,0,0,9,10,5,Residential
9055,0,4,0,1,0,0,2,0,1262.0123456790122,204446,13,4,0,9,11,0,0,17,35,44,Residential with services
9109,8,8,2,0,1,0,0,0,503.5652173913044,69492,2,2,0,27,4,0,0,16,39,19,Shopping areas
9143,26,14,1,1,0,5,0,0,4074.8305647840525,1226524,7,45,3,50,21,0,0,14,50,18,Activity center
9989,0,0,0,0,0,0,0,0,223.2131147540984,13616,2,1,0,17,0,0,0,2,10,11,Residential
9541,0,4,1,17,0,2,0,0,2308.3670411985017,616334,36,25,5,29,20,0,0,4,50,50,Cultural & going out places
9606,4,1,0,0,0,0,0,0,275.07738095238096,46213,15,0,0,13,8,0,0,14,25,43,Residential with services
9984,0,1,0,0,0,0,0,0,25.190476190476193,529,2,0,0,1,1,0,0,5,2,3,Residential
9550,0,0,0,1,0,0,1,0,229.56551724137933,33287,4,0,1,15,8,0,0,8,19,38,Residential
9753,0,0,0,0,0,0,0,0,426.47058823529403,21750,5,2,0,3,1,0,0,7,14,2,Residential
9027,0,2,0,10,0,0,1,3,367.67169811320747,97433,9,34,2,36,14,0,0,27,24,50,Universities
9465,13,8,0,0,0,0,1,0,294.78688524590166,17982,1,0,0,15,1,0,0,9,16,10,Residential
10097,5,5,0,1,0,1,0,0,313.56363636363636,34492,4,2,0,20,8,0,0,11,30,10,Residential with services
9059,0,0,0,0,0,0,0,0,50.5,2323,5,0,0,3,3,0,0,13,1,6,Residential
9837,0,1,0,0,0,0,0,0,87.42857142857143,4284,2,1,0,9,0,0,0,11,13,2,Residential
10032,0,2,0,0,0,0,0,0,375.67132867132864,53721,25,0,0,44,13,0,0,3,31,7,Residential with services
9680,0,2,0,0,0,0,0,0,135.73611111111111,9773,3,4,0,6,3,0,0,9,7,12,Residential
9167,0,0,0,0,0,0,0,0,91.07407407407408,2459,1,0,0,0,1,0,0,3,5,1,Residential
9641,0,0,0,2,0,0,0,0,236.97413793103448,27489,2,3,0,14,5,0,0,10,13,18,Residential
9793,3,1,2,0,0,0,0,1,66.47826086956522,4587,5,2,0,4,1,0,0,13,3,12,Residential
9428,9,3,0,0,0,0,1,0,190.70512820512818,14875,12,2,1,5,1,0,0,6,18,8,Residential
9994,2,0,0,0,0,0,0,0,39.458333333333336,947,1,0,0,3,1,0,0,12,3,1,Residential
9380,0,0,0,3,0,0,0,0,147.75555555555556,13298,1,1,0,28,1,0,0,14,11,7,Residential
9645,0,2,0,2,0,0,0,0,129,9675,7,0,0,7,3,0,0,7,12,12,Residential
9120,0,1,0,2,0,0,0,0,106.86206896551724,6198,4,0,0,10,3,0,0,6,16,3,Residential
9767,4,1,2,2,0,0,0,0,765.1529411764707,65038,5,1,0,6,1,0,0,12,13,7,Residential
9776,0,0,0,0,0,0,0,0,229.9333333333333,3449,1,0,0,3,1,0,0,2,0,2,Residential
9968,0,0,0,0,0,0,0,0,102.01923076923076,5305,2,0,0,5,3,0,0,6,14,4,Residential
9943,0,0,0,2,0,0,1,0,92.3913043478261,2125,0,0,0,3,0,0,0,5,6,3,Residential
9682,0,2,0,0,0,0,0,0,163.72307692307692,10642,5,0,0,3,9,0,0,11,9,3,Residential
9965,0,0,0,2,0,0,0,0,183.33333333333331,4950,1,0,0,0,1,0,0,5,4,4,Residential
9755,0,0,0,0,0,0,0,0,66.99,6699,8,2,0,8,1,0,0,5,33,4,Residential
8987,2,8,0,0,0,0,1,0,989.3937823834196,190953,29,2,0,30,25,0,0,17,17,22,Residential with services
9627,0,0,0,4,0,0,0,0,326.87777777777785,29419,1,0,0,2,3,0,0,12,5,37,Residential
9375,0,0,0,3,0,0,0,0,96.68421052631581,14696,7,3,0,25,7,0,0,16,36,12,Residential with services
9548,5,3,0,0,0,0,0,0,300.546218487395,35765,20,1,0,15,13,0,0,19,25,7,Residential with services
9132,1,6,0,1,0,0,0,0,1416.9316239316242,165781,11,1,0,9,8,0,0,14,9,24,Residential
10116,0,1,0,1,0,0,0,0,151.69196428571428,33979,50,2,0,26,7,0,0,15,50,19,Residential with services
9955,0,1,1,3,0,0,0,0,294.73493975903614,24463,0,2,0,24,1,0,0,20,13,5,Residential
10090,4,4,0,1,1,1,0,0,556.89,55689,10,0,0,19,2,0,0,10,15,18,Shopping areas
9436,1,5,0,0,1,0,0,0,1035.3579234972678,378941,50,43,6,24,27,0,0,50,38,50,Cultural & going out places
9202,0,0,0,0,0,0,0,0,45.470588235294116,773,3,0,0,1,1,0,0,5,0,2,Residential
9758,0,1,0,0,0,0,0,0,102.17741935483869,6335,0,1,0,1,4,0,0,20,9,4,Residential
10017,1,0,0,2,0,0,0,0,261.9705882352941,8907,0,0,0,2,0,0,0,3,5,10,Residential
10173,0,0,0,0,0,0,0,0,109.39080459770115,9517,3,4,0,15,4,0,0,13,12,9,Residential
9748,0,0,0,0,0,0,0,0,31.11627906976744,1338,1,0,0,5,6,0,0,12,4,4,Residential
9218,2,11,0,2,0,0,2,0,1363.987341772152,431020,50,7,2,50,17,0,0,29,50,50,Cultural & going out places
9382,0,2,0,2,0,0,0,0,313.6481481481481,16937,2,4,0,5,3,0,0,9,11,2,Residential
9898,3,9,1,3,0,1,3,0,1408.9400921658987,305740,50,4,2,22,33,0,0,19,50,8,Cultural & going out places
9821,0,0,0,0,0,0,0,0,58.55813953488372,2518,5,0,0,5,0,0,0,10,17,2,Residential
10169,0,0,0,0,0,0,0,0,64.13333333333334,5772,5,2,0,7,5,0,0,21,25,4,Residential
9386,1,0,0,4,0,0,0,1,565.0486725663718,127701,20,8,0,44,7,0,0,8,50,23,Residential with services
10119,0,0,0,1,0,0,0,0,142,2698,0,2,0,1,0,0,0,1,2,6,Residential
9364,0,4,0,0,0,0,1,0,835.140625,106898,19,0,1,22,10,0,0,7,27,26,Residential with services
10192,0,6,0,1,0,0,0,0,1066.732142857143,119474,4,1,0,17,18,0,0,21,11,12,Residential with services
9265,0,0,0,0,0,0,0,0,36.56,914,2,1,0,1,1,0,0,8,1,2,Residential
9049,2,3,0,1,0,2,0,0,748.3051470588235,203539,50,3,2,19,35,0,0,17,16,50,Cultural & going out places
9400,0,0,0,0,0,0,0,0,41.85,837,0,0,0,0,2,0,0,7,2,4,Residential
9672,2,0,0,0,0,0,0,0,115.92771084337349,9622,2,1,0,4,3,0,0,6,8,10,Residential
9306,0,0,0,0,0,0,0,0,199.75757575757572,13184,0,33,0,9,1,0,0,4,6,2,Residential
10164,15,4,0,2,1,2,0,0,3066.84251968504,778978,27,13,0,34,21,0,0,24,25,50,Cultural & going out places
9188,0,0,0,0,0,0,0,0,74.32558139534882,6392,7,4,0,12,3,0,0,5,28,5,Residential
9913,0,0,0,5,0,0,0,0,91.36842105263158,1736,0,0,0,5,0,0,0,4,3,2,Residential
9351,0,6,0,3,0,0,1,0,1327.1875,382230,50,11,2,22,25,0,0,14,50,44,Cultural & going out places
9326,0,2,0,2,0,0,0,0,1351.4545454545455,267588,24,3,0,16,21,0,0,20,50,17,Residential with services
9084,2,5,0,1,0,0,0,1,944.90036900369,256068,29,6,1,20,25,0,0,30,50,41,Residential with services
8990,0,1,0,3,0,0,0,0,195.8989898989899,19394,13,12,0,14,3,0,0,5,6,17,Residential
9514,5,5,0,2,0,0,1,0,970.821862348178,239793,30,4,0,38,22,0,0,15,50,33,Residential with services
9393,1,0,0,0,0,0,0,0,155.46153846153842,14147,2,1,0,13,2,0,0,16,18,9,Residential
10074,0,0,0,3,0,0,0,0,287.53968253968253,18115,1,0,0,4,1,0,0,12,1,19,Residential
9157,0,0,0,0,0,1,0,0,198.6759259259259,21457,0,1,0,19,2,0,0,4,50,13,Residential
8992,0,0,0,1,1,0,0,0,197,15366,6,1,0,9,9,0,0,8,9,6,Shopping areas
9289,0,0,0,0,0,0,0,0,70,4130,3,2,0,14,0,0,0,8,16,0,Residential
9237,4,3,2,2,0,0,0,0,177.63636363636363,13678,0,0,0,8,4,0,0,12,10,12,Residential
9444,0,0,0,0,0,0,0,0,43.155555555555566,1942,1,2,0,6,0,0,0,3,3,7,Residential
9572,12,4,0,1,0,1,1,0,517.0555555555555,130298,35,4,4,24,13,0,0,27,50,33,Cultural & going out places
9395,9,19,0,6,0,0,1,1,1373.755162241888,465703,20,21,1,38,41,0,0,33,50,50,Cultural & going out places
9365,27,20,2,14,0,1,0,0,7160.534965034964,2047913,17,18,5,50,21,0,0,15,50,50,Activity center
9439,6,12,0,6,0,0,2,0,2747.3657817109147,931357,50,9,4,50,47,0,0,14,17,50,Cultural & going out places
9607,4,5,1,0,0,0,0,0,1155.6666666666667,76274,2,7,0,21,0,0,0,6,13,3,Residential
9015,0,0,0,0,0,0,0,0,70.07142857142857,4905,2,0,0,2,11,0,0,16,12,10,Residential
9684,0,1,0,0,0,0,0,0,182.72972972972974,6761,0,0,0,1,1,0,0,8,11,2,Residential
9048,2,0,0,0,1,0,0,0,127.89473684210527,2430,0,0,0,1,1,0,0,9,2,1,Shopping areas
9591,11,14,0,1,0,0,0,0,1336.3111111111114,300670,9,4,0,22,28,0,0,29,50,46,Residential with services
9235,0,0,0,3,0,0,0,0,140.35294117647058,2386,0,0,0,2,0,0,0,1,2,2,Residential
9111,2,3,0,2,0,0,0,0,500.75,106159,16,50,1,12,6,0,0,17,19,16,Residential with services
9848,1,0,2,3,0,0,2,0,287.453781512605,34207,2,3,0,4,1,0,0,8,13,48,Residential
9692,0,0,0,0,0,0,0,0,257.41176470588243,17504,1,2,1,9,2,0,0,9,9,17,Residential
9743,2,1,1,0,0,0,0,0,319.7913669064748,44451,5,1,0,19,4,0,0,13,34,22,Residential with services
9528,0,4,0,1,0,0,2,0,556.4463519313305,129652,38,1,1,14,29,0,0,6,50,50,Residential with services
10182,0,2,0,0,0,0,0,0,136.84426229508196,16695,3,5,0,6,7,0,0,17,15,14,Residential
9250,0,0,1,1,0,0,0,0,108.265625,13858,4,3,0,5,1,0,0,10,24,29,Residential
9598,1,4,0,5,0,0,0,0,1326.3187772925764,303727,6,5,0,32,23,0,0,22,45,34,Residential with services
9782,5,7,2,0,0,0,0,0,28.865384615384613,1501,7,1,0,2,3,0,0,12,4,2,Residential
9308,0,0,0,0,0,0,0,0,411.6,12348,2,0,0,7,0,0,0,8,7,1,Residential
9312,2,1,0,2,1,0,0,1,217.32978723404256,20429,0,1,0,18,4,0,0,4,45,3,Shopping areas
9925,1,2,0,0,0,0,0,0,172.71428571428572,12090,0,21,0,5,3,0,0,15,3,3,Residential
9998,0,0,0,0,0,0,0,0,77.8,778,1,0,0,1,0,0,0,5,1,1,Residential
9693,1,3,0,0,0,0,0,0,492.3243243243243,36432,4,1,0,8,4,0,0,16,13,8,Residential
9452,5,3,0,1,1,0,0,0,398.887323943662,28321,3,0,0,11,2,0,0,11,17,11,Shopping areas
9739,0,0,0,1,0,0,0,0,70.2,2457,1,0,0,4,2,0,0,6,3,8,Residential
8985,0,0,0,0,0,0,1,0,178,7654,1,1,0,4,1,0,0,14,8,2,Residential
9179,0,0,0,3,0,0,0,0,98.65217391304348,2269,0,2,0,4,1,0,0,5,4,1,Residential
9300,0,0,0,0,0,0,0,0,100.28571428571428,2808,0,0,0,11,0,0,0,3,8,1,Residential
9959,1,0,0,1,0,0,0,0,148.05,5922,4,0,0,7,2,0,0,9,7,2,Residential
9076,3,2,0,3,0,0,1,0,366.09130434782617,84201,9,5,0,16,10,0,0,22,49,35,Residential with services
9267,1,0,1,0,0,0,0,0,91.74074074074076,2477,2,0,0,0,0,0,0,6,3,1,Residential
9318,0,1,0,7,0,0,0,0,276.0740740740741,14908,7,1,0,6,3,0,0,5,9,2,Residential
9473,2,1,1,0,0,0,0,0,288.4583333333333,13846,2,2,0,4,3,0,0,9,7,3,Residential
9106,6,3,1,0,0,0,0,0,241.96774193548384,22503,8,1,0,17,5,0,0,11,21,10,Residential
9270,0,0,0,1,0,0,0,0,125.65454545454546,6911,0,2,0,7,2,0,0,7,14,2,Residential
9730,3,0,0,0,0,0,0,0,395.52702702702703,29269,9,2,0,8,3,0,0,12,9,8,Residential
9043,0,0,0,0,0,0,0,0,176.05109489051094,24119,21,1,1,34,4,0,0,4,38,9,Residential with services
9184,0,1,0,0,0,0,0,0,129.87301587301587,8182,1,1,0,11,1,0,0,11,17,2,Residential
9394,20,12,1,10,0,1,4,0,3257.8056426332287,1039240,50,50,5,50,20,0,0,18,45,18,Activity center
10127,0,0,0,5,0,0,1,0,135.23931623931622,15823,9,1,0,20,7,0,0,25,25,7,Residential with services
9896,4,3,0,0,1,0,0,0,673.079295154185,152789,26,15,0,25,8,0,0,18,48,25,Shopping areas
9408,6,4,1,2,1,0,1,0,241.5,25116,4,2,0,17,3,0,0,8,31,15,Shopping areas
9941,0,0,1,0,0,0,0,0,313.97727272727275,13815,0,11,0,5,2,0,0,7,5,3,Residential
10030,0,0,0,3,0,0,0,0,352.3972602739726,25725,3,3,0,1,1,0,0,2,4,30,Residential
9052,28,49,0,11,1,3,6,0,5085.774752475248,2054653,50,40,3,50,24,0,0,50,50,50,Activity center
9642,5,5,0,3,0,0,0,0,1687.6917808219175,246403,11,1,0,21,4,0,0,8,41,22,Residential with services
9096,1,5,2,1,0,0,0,0,1111.2626262626263,220030,7,1,0,34,20,0,0,22,50,39,Residential with services
9103,0,0,0,0,0,0,0,0,34.83018867924528,1846,1,1,0,5,1,0,0,1,19,10,Residential
9513,1,7,1,3,1,0,0,0,1772.0478260869565,407571,23,8,0,43,34,0,0,8,10,50,Cultural & going out places
9210,0,3,0,0,1,0,0,0,817.7424242424244,107942,13,1,0,13,10,0,0,18,22,16,Shopping areas
9285,0,0,0,0,0,0,0,0,545.6666666666666,4911,1,0,0,2,0,0,0,2,2,0,Residential
9107,0,2,0,0,0,0,0,0,102.55102040816328,5025,1,1,0,2,2,0,0,7,6,2,Residential
9057,0,0,0,0,0,0,0,0,176.55072463768116,12182,5,0,0,5,0,0,0,7,8,24,Residential
10021,0,1,0,6,1,0,0,0,121.19565217391305,16725,13,2,0,14,6,0,0,24,22,22,Shopping areas
10051,0,0,0,0,0,0,0,0,148.52,3713,1,0,0,2,0,0,0,5,9,3,Residential
9849,0,0,0,2,0,0,1,0,214.8795180722892,17835,1,4,0,8,2,0,0,5,4,35,Residential
9319,0,0,0,0,0,0,0,1,348.34210526315786,39711,0,1,1,37,6,0,0,5,29,6,Residential
9266,1,4,0,1,0,0,0,0,1172.925925925926,316690,29,6,0,25,29,0,0,19,50,45,Residential with services
9714,1,0,0,0,0,0,0,0,208.14634146341461,8534,2,0,0,6,2,0,0,9,7,4,Residential
9025,0,0,0,1,0,0,0,0,50.28125,3218,1,0,0,3,0,0,0,8,5,11,Residential
9391,2,1,0,3,0,0,0,0,164.90243902439025,6761,3,0,0,5,3,0,0,2,5,2,Residential
10070,1,7,0,0,0,0,0,0,786.2183908045978,136802,9,2,0,16,12,0,0,17,50,31,Residential with services
9858,0,0,0,4,0,1,1,0,351.61864406779665,82982,6,4,0,27,39,0,0,16,50,28,Residential with services
9868,0,1,0,1,0,1,0,0,277.75,14443,10,3,0,11,1,0,0,3,11,3,Residential
9511,3,4,1,1,1,0,0,0,525.5646258503401,77258,32,2,1,13,3,0,0,16,23,23,Shopping areas
9823,0,0,0,0,0,0,0,0,116.03846153846152,3017,1,2,0,8,0,0,0,8,2,2,Residential
9897,0,2,0,2,0,0,0,1,324.5686274509804,49659,5,2,0,8,2,0,0,16,36,25,Residential with services
9595,13,5,0,2,0,1,0,0,3350.1370967741937,1246251,50,26,1,42,38,0,0,29,50,50,Cultural & going out places
9626,0,2,0,0,0,0,0,0,917.2307692307692,143088,9,2,0,16,8,0,0,7,41,50,Residential with services
9703,2,10,0,7,0,0,0,0,1238.813852813853,286166,35,7,0,29,14,0,0,8,50,50,Residential with services
9327,1,0,0,0,0,0,0,0,252.83823529411762,34386,12,1,0,19,6,0,0,19,46,5,Residential with services
10034,1,5,0,1,0,0,0,0,659.7055837563452,129962,14,8,0,36,23,0,0,8,50,14,Residential with services
9139,9,20,2,9,0,7,0,0,4877.558479532164,1668125,28,35,3,50,19,0,0,13,44,50,Activity center
9791,0,0,0,0,0,0,0,0,72.71428571428571,2545,3,2,0,1,0,0,0,9,2,1,Residential
9640,2,2,0,0,0,0,0,0,178.83505154639175,17347,1,2,0,13,6,0,0,17,12,17,Residential
10091,7,14,0,3,0,0,0,0,630.8923076923078,82016,9,0,0,33,3,0,0,10,28,25,Residential with services
9670,0,0,0,1,0,0,1,0,85.4794520547945,6240,4,1,0,5,4,0,0,22,22,1,Residential
9415,1,0,0,0,1,0,0,0,237.5675675675676,26370,4,1,0,23,3,0,0,10,32,10,Shopping areas
10157,0,0,0,0,0,0,0,0,1096.0112359550562,97545,4,27,0,5,4,0,0,4,10,16,Residential
9677,0,0,0,0,0,0,0,0,113.50769230769232,7378,0,1,0,3,1,0,0,9,4,9,Residential
9579,1,1,0,2,1,0,0,0,630.0333333333333,132307,18,1,0,25,29,0,0,35,24,18,Shopping areas
9576,0,1,0,0,0,0,1,0,291.0845070422535,20667,2,0,0,5,11,0,0,17,7,4,Residential
10078,9,11,0,0,0,0,0,1,800.9597315436241,119343,3,0,0,20,12,0,0,15,49,12,Residential with services
9719,0,0,0,0,0,0,0,0,105.85,4234,0,2,0,2,2,0,0,9,10,5,Residential
9484,1,3,0,0,0,0,0,0,551.319587628866,106956,40,1,1,13,27,0,0,12,47,12,Residential with services
9446,1,1,2,0,0,0,0,0,47.0958904109589,3438,3,2,0,3,1,0,0,18,7,8,Residential
9517,2,2,0,2,2,0,0,0,472.66666666666674,109186,25,4,0,33,22,0,0,25,46,31,Shopping areas
10180,2,0,0,1,1,0,1,0,1849.6,101728,2,1,0,2,5,0,0,8,10,8,Shopping areas
9016,1,1,0,2,0,1,0,0,356.4088397790055,64510,12,4,0,21,11,0,0,7,50,22,Residential with services
9432,0,0,0,0,0,0,0,0,29.444444444444446,265,0,0,0,1,1,0,0,2,3,0,Residential
9675,2,0,0,0,0,0,0,0,111.42647058823529,7577,3,1,0,8,1,0,0,9,9,4,Residential
9815,3,0,0,0,0,0,0,0,192.86111111111111,6943,1,0,0,3,3,0,0,8,5,3,Residential
9153,8,0,0,1,0,0,0,0,58.7888198757764,9465,9,1,0,12,3,0,0,14,40,26,Residential with services
9402,0,0,1,0,0,0,1,0,141.66,14166,5,1,0,16,5,0,0,4,20,2,Residential
9397,4,3,0,1,0,0,0,1,445.53781512605036,106038,23,1,1,41,14,0,0,12,50,50,Residential with services
9260,0,1,0,0,0,0,1,0,45.067415730337075,4011,6,2,0,5,10,0,0,14,16,7,Residential
9201,3,1,0,1,0,0,0,0,113.5,5675,2,0,0,5,0,0,0,5,8,17,Residential
9211,1,1,0,0,0,0,0,0,289.3055555555556,20830,2,0,0,7,7,0,0,13,14,8,Residential
9269,4,9,2,0,0,0,0,0,78.95714285714286,5527,4,1,0,3,3,0,0,16,4,5,Residential
9529,6,8,0,5,1,1,1,0,1798.1832797427653,559235,50,9,2,37,15,0,0,26,50,50,Cultural & going out places
9555,0,4,0,2,1,0,0,0,862.1288888888888,193979,22,5,0,26,24,0,0,34,17,34,Residential with services
9795,0,0,0,0,0,0,0,0,91.5,2745,0,1,0,0,1,0,0,9,4,2,Residential
9275,1,3,1,1,0,0,0,0,76.12280701754386,4339,1,0,0,18,1,0,0,7,12,2,Residential
10014,0,2,0,2,0,0,0,0,853.8938053097345,96490,12,1,1,8,7,0,0,14,18,13,Residential
9215,3,0,0,3,0,0,1,0,420.96428571428567,47148,2,0,0,15,10,0,0,13,29,17,Residential
9860,3,0,1,4,0,0,0,0,510.70769230769235,33196,1,2,0,3,2,0,0,3,12,16,Residential
9396,0,0,0,3,0,3,0,2,215.8301886792453,11439,2,0,0,6,1,0,0,6,12,5,Residential
9031,0,0,0,2,1,0,0,0,171.2215909090909,30135,3,31,0,19,6,0,0,10,14,28,Shopping areas
9303,0,0,0,1,0,0,0,0,91.10526315789473,5193,2,2,0,12,3,0,0,2,25,3,Residential
9751,0,0,0,0,0,0,0,0,75.34042553191489,3541,1,1,0,3,3,0,0,6,10,6,Residential
9790,0,0,0,0,0,0,0,0,63.8,4147,4,1,0,1,3,0,0,15,6,9,Residential
9496,9,4,0,6,0,1,0,1,2051.0753968253966,516871,50,3,1,50,20,0,0,16,21,50,Cultural & going out places
9809,2,2,0,0,0,0,0,0,54.29787234042554,2552,4,0,0,4,0,0,0,13,2,9,Residential
9601,0,2,0,7,0,0,0,1,1055.7546468401488,283998,21,2,0,33,31,0,0,35,33,50,Residential with services
9024,0,1,0,0,0,0,0,1,158.11764705882354,13440,1,1,0,5,2,0,0,7,7,3,Residential
9841,1,0,0,7,0,0,0,0,41.16666666666666,247,0,0,0,1,0,0,0,0,0,1,Residential
10156,6,5,0,0,2,0,1,0,1005.7206703910615,180024,11,2,0,12,13,0,0,7,50,26,Shopping areas
9489,0,1,0,0,0,0,2,0,228.2352941176471,42680,13,1,0,22,13,0,0,10,42,43,Residential with services
9575,7,5,0,1,0,0,0,1,218.91964285714286,24519,5,1,0,18,6,0,0,11,14,17,Residential
9105,0,0,0,1,0,0,0,0,120.93150684931507,8828,6,0,0,5,3,0,0,10,13,6,Residential
9736,0,1,0,2,0,0,3,0,309.79295154185024,70323,22,9,1,13,5,0,0,27,29,24,Residential with services
9376,0,0,0,0,0,0,0,0,69,1587,1,0,0,3,1,0,0,4,5,4,Residential
9077,0,5,0,0,1,0,0,0,554.4108527131783,71519,2,0,0,28,4,0,0,11,46,11,Shopping areas
9463,0,0,0,0,0,0,0,0,105.95238095238096,2225,1,2,0,1,0,0,0,6,5,0,Residential
9532,0,0,0,0,0,0,0,0,297.6296296296296,24108,4,29,0,3,4,0,0,9,4,10,Residential
9637,2,1,0,1,0,0,0,0,253.6341463414634,20798,2,1,0,8,1,0,0,12,8,7,Residential
10184,3,5,0,0,0,1,0,0,960.049261083744,194890,15,12,0,16,12,0,0,13,50,50,Residential with services
9078,0,0,0,0,0,0,0,0,118.51428571428572,8296,1,1,0,7,5,0,0,10,6,24,Residential
9571,1,6,0,5,0,0,4,0,1960.4758364312268,527368,50,11,2,28,15,0,0,24,18,50,Cultural & going out places
9807,1,1,1,0,1,0,0,1,102.03703703703705,5510,2,0,0,3,2,0,0,12,10,5,Shopping areas
9241,1,0,0,0,0,0,0,0,105.19565217391305,4839,1,0,0,7,3,0,0,15,4,7,Residential
9863,0,0,0,0,0,1,0,0,99.03448275862068,5744,4,0,0,5,1,0,0,16,7,2,Residential
9017,0,0,0,0,0,0,0,0,165.81914893617022,15587,2,3,0,14,6,0,0,7,7,7,Residential
9561,2,1,0,1,0,1,2,0,1375.7530864197531,334308,43,5,0,20,34,0,0,6,50,40,Residential with services
9798,0,0,0,2,0,0,0,0,92.75757575757576,3061,0,0,0,1,1,0,0,6,2,2,Residential
9410,1,2,0,6,0,1,0,0,57.20289855072464,3947,3,3,0,4,4,0,0,17,5,11,Residential
9996,0,0,0,8,0,0,0,0,196.37777777777774,8837,2,2,0,5,0,0,0,12,3,2,Residential
9181,3,1,0,0,1,1,0,0,93.65217391304348,4308,0,0,0,10,1,0,0,6,19,2,Shopping areas
9716,0,0,0,0,0,0,0,0,39.766666666666666,1193,2,0,0,2,2,0,0,12,4,2,Residential
9907,0,0,0,2,0,0,0,1,69.42857142857143,2430,1,0,0,4,1,0,0,6,10,6,Residential
8991,0,2,0,1,0,0,0,1,463.55208333333326,133503,14,25,0,49,17,0,0,31,49,42,Residential with services
9007,12,5,0,2,0,0,0,2,1163.318352059925,310606,30,24,0,50,12,0,0,11,50,36,Universities
9526,2,0,0,0,0,0,0,0,496.1652892561983,60036,5,10,1,10,4,0,0,6,26,25,Residential
9495,0,2,0,1,0,0,0,0,124.62222222222222,11216,1,1,0,12,11,0,0,15,22,5,Residential
9160,0,0,0,5,0,0,0,0,244.9375,19595,4,1,0,8,1,0,0,15,12,10,Residential
9747,1,1,0,0,0,0,0,0,218.87142857142857,15321,3,3,0,6,11,0,0,13,9,4,Residential
9986,0,0,1,0,0,0,0,0,20.08695652173913,462,0,0,0,2,1,0,0,7,2,2,Residential
9449,4,2,1,0,2,0,0,0,229.62,11481,2,0,0,9,2,0,0,6,11,5,Shopping areas
9866,0,0,0,0,0,0,0,0,64.22222222222223,578,0,0,0,1,1,0,0,3,1,2,Residential
10060,0,0,0,2,0,0,0,0,54.96666666666667,1649,0,0,0,9,3,0,0,3,6,0,Residential
9458,1,0,0,0,0,0,0,0,151.5691056910569,18643,27,0,0,7,2,0,0,4,22,8,Residential
9578,2,6,2,3,0,0,3,0,792.8575667655788,267193,50,50,1,20,33,0,0,16,50,50,Cultural & going out places
9742,0,1,0,1,0,0,0,0,67.22,3361,0,1,0,3,2,0,0,8,14,5,Residential
9587,0,0,1,0,0,0,0,0,78.52,7852,5,1,0,1,2,0,0,9,18,11,Residential
9648,1,1,0,0,0,0,0,0,55.860465116279066,4804,2,0,0,5,7,0,0,19,16,13,Residential
9904,1,2,1,0,0,0,0,0,330.5,54202,4,4,0,21,5,0,0,27,34,14,Residential with services
9810,1,0,1,0,0,0,0,0,129.5151515151515,8548,2,0,0,4,4,0,0,15,10,8,Residential
9812,0,0,0,1,0,0,0,0,79.14285714285714,2770,2,0,0,2,1,0,0,13,2,6,Residential
9980,0,0,0,1,1,0,2,1,157.46666666666667,4724,1,0,0,1,0,0,0,3,4,4,Shopping areas
9023,33,29,1,3,0,0,0,0,1979.5434083601285,615638,46,19,0,50,50,0,0,8,49,7,Cultural & going out places
9228,0,0,0,1,0,0,0,0,217.44303797468356,17178,6,1,0,1,2,0,0,18,7,7,Residential
9438,1,0,0,0,0,0,0,0,83.78,4189,1,2,0,1,0,0,0,4,2,4,Residential
9462,2,3,2,1,0,0,0,0,185.6923076923077,9656,0,1,0,3,2,0,0,12,11,8,Residential
10057,0,0,0,0,0,0,0,0,18.26086956521739,420,1,0,0,5,0,0,0,1,7,2,Residential
9417,5,4,1,1,1,0,0,0,146.4558823529412,9959,1,1,0,17,5,0,0,7,18,7,Shopping areas
9893,0,1,0,14,0,0,0,0,1122.2568306010926,205373,21,2,0,21,7,0,0,0,16,44,Residential with services
9194,8,9,0,13,0,1,1,0,1688.1832298136646,543595,50,7,0,37,50,0,0,21,50,50,Cultural & going out places
10149,0,0,0,0,0,0,0,0,48.41379310344828,2808,1,1,0,2,1,0,0,6,14,6,Residential
9198,7,2,1,7,0,0,1,0,1164.3650306748466,379583,38,3,2,21,49,0,0,29,50,50,Cultural & going out places
9244,0,0,0,0,0,0,0,0,96.96825396825396,6109,2,3,0,0,3,0,0,5,14,9,Residential
9581,0,4,0,1,0,0,0,0,1243.2763819095478,247412,9,2,0,25,25,0,0,22,50,30,Residential with services
10041,0,0,0,0,0,0,0,0,320.59375,10259,0,6,0,8,0,0,0,4,2,1,Residential
9385,0,0,0,0,0,0,0,0,110.8095238095238,6981,1,0,0,11,2,0,0,12,23,4,Residential
10064,1,3,0,13,0,0,0,1,1148.4026548672564,259539,8,6,1,44,10,0,0,20,24,48,Residential with services
9033,0,3,0,1,0,0,0,0,1170.9421487603306,141684,12,2,0,11,5,0,0,15,36,17,Residential with services
9854,8,9,2,8,0,0,2,0,1194.952380952381,250940,16,1,0,18,7,0,0,17,50,41,Residential with services
9427,3,6,3,0,0,0,2,0,886.5552486187845,320933,40,3,1,24,50,0,0,50,50,50,Cultural & going out places
9013,5,1,1,0,0,1,0,0,563.6879194630873,167979,32,50,0,42,3,0,0,9,50,46,Residential with services
9122,4,3,0,0,0,0,0,0,311.91379310344826,54273,13,5,0,25,6,0,0,11,50,15,Residential with services
9035,0,14,1,2,0,0,0,0,1218.6810344827584,282734,28,12,0,34,33,0,0,21,44,16,Residential with services
9633,1,2,0,0,0,0,0,0,1488.6164383561645,108669,2,0,0,7,4,0,0,17,15,8,Residential
9387,1,0,0,0,0,0,0,0,530.7777777777778,9554,0,0,0,3,5,0,0,2,1,0,Residential
9094,2,0,0,0,0,0,0,0,39.046875,2499,3,0,0,3,5,0,0,12,13,5,Residential
9398,0,0,0,2,0,0,0,1,98.36363636363636,2164,1,0,0,3,0,0,0,1,4,2,Residential
9145,0,0,0,0,0,0,0,0,214.9783783783784,39771,20,0,0,17,5,0,0,6,50,29,Residential with services
9356,1,1,0,0,0,0,0,0,364.5123966942149,44106,2,3,0,35,2,0,0,8,28,8,Residential
10159,3,1,0,0,0,0,0,0,64.65333333333334,4849,4,3,0,6,4,0,0,10,18,6,Residential
9552,1,13,0,0,0,0,0,0,1794.5023474178406,382229,29,7,1,25,17,0,0,24,43,21,Residential with services
9697,0,2,0,0,0,0,0,0,137.19753086419752,11113,3,0,0,12,5,0,0,18,21,7,Residential
9063,1,2,0,1,0,0,1,0,302.3648648648648,44750,4,3,0,14,5,0,0,16,20,26,Residential
9705,0,0,0,0,0,0,0,0,65.57317073170732,5377,2,0,0,5,11,0,0,15,20,5,Residential
9845,0,0,0,3,0,0,0,0,531.2945205479451,77569,8,11,1,9,9,0,0,3,26,30,Residential
9206,0,0,1,0,0,0,0,1,92.0923076923077,11972,6,0,0,6,1,0,0,10,25,26,Residential
9490,1,0,0,2,0,0,0,0,308.0963855421686,51144,13,0,0,19,19,0,0,28,27,7,Residential with services
9507,3,2,0,10,0,0,1,0,244.63291139240508,38652,4,1,0,12,5,0,0,2,34,39,Residential with services
9956,0,0,0,3,0,0,0,0,131.57894736842104,2500,0,3,0,3,0,0,0,1,4,1,Residential
9749,0,0,0,1,0,0,0,0,615.4629629629628,33235,3,0,0,4,2,0,0,7,13,4,Residential
9412,0,0,2,2,0,0,0,0,181.53846153846158,7080,0,0,0,4,1,0,0,7,2,10,Residential
9480,0,1,1,0,0,0,0,0,149.98630136986299,10949,5,5,0,12,3,0,0,8,16,3,Residential
9701,0,1,0,0,0,0,0,0,69.21276595744679,3253,5,1,0,1,2,0,0,14,4,7,Residential
9026,2,3,0,0,0,1,0,0,783.3793103448276,181744,16,50,0,13,4,0,0,12,19,41,Residential with services
9546,1,1,0,0,0,0,1,0,48.26388888888889,3475,3,1,0,3,3,0,0,10,12,11,Residential
9098,2,0,0,2,0,0,1,0,484.873417721519,153220,31,5,1,37,23,0,0,38,50,50,Residential with services
9685,0,2,0,2,0,0,0,0,1338.978021978022,243694,33,3,0,26,9,0,0,16,22,18,Residential with services
9895,0,0,0,2,0,0,1,0,450.37,90074,7,4,0,31,6,0,0,12,35,37,Residential with services
9060,0,0,0,0,0,0,0,0,247.04054054054055,18281,0,1,0,0,6,0,0,6,11,30,Residential
9232,7,10,1,2,0,0,1,0,1326.2887323943662,188333,6,2,0,10,2,0,0,10,50,21,Residential with services
10125,0,0,0,0,0,0,1,0,149.05128205128202,5813,2,0,0,4,2,0,0,6,8,10,Residential
10162,0,0,1,0,0,0,0,0,212.2,6366,0,0,0,0,3,0,0,6,2,12,Residential
9268,0,1,0,0,0,0,0,0,100.42424242424242,6628,3,2,0,2,4,0,0,13,5,5,Residential
9208,15,12,0,5,0,1,1,0,1935.7175141242935,685244,50,27,1,30,50,0,0,49,32,50,Cultural & going out places
9407,0,0,0,6,0,0,0,0,93.63265306122447,4588,1,2,0,6,3,0,0,1,19,6,Residential
9419,1,0,0,4,0,0,0,0,61.087719298245624,3482,1,2,0,14,2,0,0,1,20,2,Residential
9540,2,2,1,2,0,1,0,0,788.2136363636363,173407,9,5,1,29,16,0,0,20,50,27,Residential with services
9938,2,6,0,0,1,0,0,0,51.280701754385966,2923,2,1,0,5,1,0,0,13,10,10,Shopping areas
9205,2,7,0,0,1,0,0,0,1544.3513513513512,171423,14,1,0,11,5,0,0,12,4,19,Shopping areas
10146,0,0,0,2,0,0,0,0,600.4574468085108,56443,3,2,0,8,9,0,0,18,14,7,Residential
9337,1,1,0,3,1,1,1,0,824.2938931297708,215965,34,19,3,7,17,0,0,18,42,50,Cultural & going out places
9869,0,0,0,0,0,0,0,2,81.53061224489795,3995,9,0,0,9,1,0,0,4,15,6,Residential
9121,5,0,0,0,0,0,0,0,247.28301886792454,39318,24,3,0,15,1,0,0,5,46,14,Residential with services
10140,2,5,0,0,0,0,0,0,931.0657894736843,212283,14,3,0,30,19,0,0,29,50,25,Residential with services
9447,0,0,0,0,0,0,0,0,66.14285714285714,926,0,1,0,0,0,0,0,4,1,0,Residential
9512,0,0,0,0,0,0,0,0,315.8980582524272,65075,14,5,0,48,8,0,0,11,48,27,Residential with services
9456,1,4,1,0,0,0,0,0,343.3055555555556,24718,1,1,0,4,7,0,0,16,7,6,Residential
9840,0,1,0,0,0,0,0,0,818.6190476190477,17191,3,0,0,1,1,0,0,8,1,0,Residential
10144,0,0,0,1,0,0,0,0,102.30188679245285,5422,1,0,0,4,3,0,0,13,5,14,Residential
9242,0,0,0,0,0,0,0,0,31.57142857142857,663,0,0,0,4,1,0,0,7,2,1,Residential
9340,0,1,0,0,0,0,0,0,311.8061224489796,30557,8,14,0,25,8,0,0,12,12,6,Residential
9614,1,0,0,0,1,0,0,0,1035.6287425149699,172950,4,2,0,24,10,0,0,9,50,17,Shopping areas
9566,0,0,0,0,0,0,0,0,25.590163934426233,1561,2,0,0,17,0,0,0,9,24,1,Residential
9834,1,0,0,0,0,0,0,1,109.46666666666668,4926,1,1,0,2,1,0,0,10,2,1,Residential
10154,1,2,0,2,0,0,0,0,527.6898734177215,83375,9,3,0,34,9,0,0,15,23,26,Residential with services
9711,0,1,0,0,0,0,0,0,99.9425287356322,8695,7,1,0,3,9,0,0,16,11,7,Residential
9169,0,0,0,0,0,0,0,0,104.86842105263158,3985,3,1,0,10,0,0,0,6,7,1,Residential
9922,2,2,2,0,0,0,0,0,86.33333333333331,4144,1,2,0,5,1,0,0,11,8,4,Residential
9911,0,0,0,0,0,0,0,0,18.352941176470583,312,1,0,0,3,0,0,0,3,6,0,Residential
9006,15,13,0,4,0,0,2,2,2259.989333333333,847496,50,24,5,35,50,0,0,39,50,50,Cultural & going out places
9586,1,5,0,1,0,0,0,0,1436.71875,275850,23,3,1,19,28,0,0,25,39,27,Residential with services
9310,2,0,4,21,0,1,6,0,436.7058823529412,66816,12,1,0,20,4,0,0,15,33,12,Residential with services
9332,0,0,0,3,0,0,0,0,140.69767441860466,12100,1,2,0,13,0,0,0,7,24,9,Residential
9261,0,5,0,0,0,0,0,0,332.0047846889952,69389,2,1,0,38,5,0,0,19,50,37,Residential with services
9354,0,0,0,36,0,0,1,1,371.2128514056225,92432,12,3,0,16,10,0,0,38,50,20,Residential with services
9172,0,0,0,0,0,0,0,0,44.930232558139544,1932,1,1,0,10,1,0,0,10,11,0,Residential
9835,0,0,0,4,0,1,0,1,608.8620689655173,105942,15,2,0,26,3,0,0,7,50,16,Residential with services
9333,0,1,0,2,0,0,0,0,134.10309278350516,13008,6,7,0,4,7,0,0,11,23,13,Residential
9694,1,3,0,2,1,0,1,0,375.19753086419746,60782,4,2,0,22,5,0,0,11,39,19,Shopping areas
9314,0,0,0,0,0,0,0,0,186.66666666666663,6720,1,0,0,6,2,0,0,5,13,3,Residential
9321,5,6,1,1,0,0,0,0,531.640625,34025,4,2,0,16,4,0,0,5,17,4,Residential
9131,5,2,0,1,0,1,0,0,821.1339285714287,183934,7,4,0,40,7,0,0,14,50,42,Residential with services
9440,2,0,0,12,0,0,0,0,351.0352112676056,49847,12,25,2,11,5,0,0,5,12,24,Residential
9750,0,0,0,0,0,0,0,0,58.53191489361702,2751,2,0,0,3,2,0,0,9,11,4,Residential
10183,3,5,0,0,0,0,0,0,425.6184210526316,32347,6,2,1,7,2,0,0,6,14,9,Residential
8997,1,0,0,1,0,0,0,0,362.90506329113924,57339,2,8,0,26,7,0,0,11,46,19,Residential with services
9138,5,1,0,2,0,0,0,1,389.125,34243,15,3,0,19,2,0,0,8,3,8,Residential
10016,0,0,0,7,0,0,0,0,146.60301507537687,29174,10,4,0,22,6,0,0,13,43,50,Residential with services
9722,0,0,0,0,0,0,0,0,670.8837209302326,57696,3,2,0,6,6,0,0,11,30,4,Residential
9781,3,2,0,0,0,0,0,1,42.74509803921568,2180,5,0,0,2,3,0,0,11,2,9,Residential
9418,0,7,0,27,0,0,0,0,832.8076923076923,86612,23,1,3,26,5,0,0,0,4,8,Residential with services
10038,2,5,0,3,0,0,0,1,1121.4337899543382,245594,15,2,0,17,21,0,0,18,50,42,Residential with services
10197,3,0,0,0,0,0,1,1,297.9583333333333,21453,1,1,0,1,6,0,0,9,8,6,Residential
9193,5,5,0,1,0,0,0,0,954.9494382022473,169981,16,5,0,10,14,0,0,8,44,50,Residential with services
9522,2,2,0,1,1,0,0,0,1054.3262711864406,248821,34,1,0,27,20,0,0,14,50,26,Residential with services
9819,0,1,0,0,0,0,0,0,141.84,7092,2,0,0,9,0,0,0,8,12,3,Residential
9806,0,0,0,0,0,0,0,0,40,880,0,0,0,4,1,0,0,2,8,1,Residential
9071,1,4,0,1,0,0,0,0,850.6481481481482,183740,10,0,1,50,4,0,0,15,18,50,Residential with services
9154,2,0,0,2,0,0,0,0,261.48447204968943,42099,22,1,0,9,1,0,0,6,33,30,Residential with services
9501,0,0,0,4,0,0,0,0,62.885245901639344,3836,5,1,0,2,0,0,0,10,2,5,Residential
10151,12,13,0,1,0,0,0,0,1208.104,151013,4,1,0,18,16,0,0,13,33,19,Residential with services
9721,1,2,0,0,0,0,0,0,460.6172839506172,37310,1,0,0,18,5,0,0,13,20,4,Residential
9389,0,1,0,0,0,1,0,0,74.73076923076924,5829,3,1,0,17,1,0,0,17,17,5,Residential
9557,2,1,0,3,1,0,2,0,1063.4646017699117,240343,28,4,1,45,26,0,0,11,17,27,Residential with services
9173,1,0,0,0,0,0,0,0,202.6,21273,1,1,0,32,6,0,0,1,41,3,Residential
10100,0,0,0,2,0,0,2,0,322.27777777777777,11602,0,0,0,3,1,0,0,5,4,9,Residential
9127,0,0,0,4,0,0,0,0,149.8148148148148,8090,2,2,0,7,2,0,0,7,11,5,Residential
9689,0,2,0,0,0,0,0,1,418.65789473684214,63636,12,2,0,13,9,0,0,21,27,11,Residential with services
10172,0,0,0,0,0,0,0,0,80.60416666666667,3869,2,5,0,0,3,0,0,7,7,6,Residential
9038,2,2,0,2,0,1,0,2,424.2555555555555,76366,8,18,0,31,5,0,0,4,44,40,Universities
9771,0,1,1,0,0,0,0,0,282.2169811320755,29915,0,4,0,29,2,0,0,7,20,10,Residential
9042,0,0,0,4,0,0,0,0,133.65573770491804,8153,3,1,0,7,3,0,0,8,13,3,Residential
9559,0,3,0,2,0,0,0,0,703.2872928176796,127295,9,0,0,7,22,0,0,27,50,28,Residential with services
9453,1,1,0,1,0,0,0,0,188.62820512820514,14713,9,1,0,16,1,0,0,14,18,4,Residential
8993,1,1,0,0,0,0,0,0,112.15625,10767,3,2,0,11,2,0,0,8,8,17,Residential
9527,1,1,1,2,0,2,0,1,1462.0364372469635,361123,16,10,3,43,8,0,0,4,50,45,Cultural & going out places
9997,0,0,0,0,0,0,0,0,80.42857142857143,1126,1,0,0,2,0,0,0,6,0,1,Residential
10083,0,1,0,0,0,0,1,0,136.49315068493152,9964,7,1,0,13,5,0,0,1,14,10,Residential
9178,0,3,0,1,1,0,0,0,114.0135135135135,8437,3,2,0,13,7,0,0,5,27,5,Shopping areas
9079,1,0,0,1,0,0,0,0,129.41666666666666,9318,3,0,1,2,2,0,0,6,13,9,Residential
9796,0,0,0,0,0,0,0,0,99.15625,3173,0,0,0,1,0,0,0,12,3,0,Residential
9831,0,0,0,2,0,1,0,0,94.41463414634147,3871,1,4,0,7,0,0,0,5,4,4,Residential
9388,4,0,0,0,0,0,0,0,652.5114155251141,142900,26,5,0,17,7,0,0,10,50,45,Residential with services
10040,0,11,0,2,0,0,0,0,1828.704845814978,415116,14,5,0,27,32,0,0,24,50,38,Residential with services
9004,11,5,0,4,0,0,2,0,2649.708955223881,710122,50,16,3,21,37,0,0,25,18,50,Cultural & going out places
10095,1,2,1,0,0,0,0,0,282.56,21192,2,0,0,9,3,0,0,11,17,10,Residential
9901,0,4,2,3,0,0,0,0,145.04545454545453,15955,7,4,1,14,7,0,0,11,17,6,Residential
9140,0,0,0,0,0,0,0,0,61.14634146341464,2507,2,1,0,6,1,0,0,8,7,6,Residential
9708,0,0,0,0,0,0,0,0,83.796875,5363,2,0,0,7,2,0,0,14,5,7,Residential
9551,1,3,1,1,0,0,2,1,113.41772151898735,8960,6,3,0,14,1,0,0,7,22,6,Residential
10099,0,0,0,12,0,0,0,0,206.13559322033902,12162,2,0,0,3,0,0,0,2,9,5,Residential